Time,Date,EMG Value (V),Filtered Value (V)
00:09:57,05-Aug-2021,0.5865,0.591
00:09:57,05-Aug-2021,0.5865,0.592
00:09:57,05-Aug-2021,0.5915,0.593
00:09:57,05-Aug-2021,0.5915,0.594
00:09:57,05-Aug-2021,0.5915,0.595
00:09:57,05-Aug-2021,0.5915,0.596
00:09:57,05-Aug-2021,0.5915,0.596
00:09:57,05-Aug-2021,0.5915,0.597
00:09:57,05-Aug-2021,0.5915,0.598
00:09:57,05-Aug-2021,0.5915,0.599
00:09:57,05-Aug-2021,0.601,0.599
00:09:57,05-Aug-2021,0.601,0.6
00:09:57,05-Aug-2021,0.601,0.601
00:09:57,05-Aug-2021,0.601,0.601
00:09:57,05-Aug-2021,0.601,0.602
00:09:57,05-Aug-2021,0.601,0.602
00:09:57,05-Aug-2021,0.601,0.603
00:09:57,05-Aug-2021,0.601,0.603
00:09:57,05-Aug-2021,0.606,0.604
00:09:57,05-Aug-2021,0.606,0.604
00:09:57,05-Aug-2021,0.606,0.604
00:09:57,05-Aug-2021,0.606,0.605
00:09:57,05-Aug-2021,0.606,0.605
00:09:57,05-Aug-2021,0.606,0.605
00:09:57,05-Aug-2021,0.606,0.605
00:09:57,05-Aug-2021,0.606,0.605
00:09:57,05-Aug-2021,0.616,0.605
00:09:57,05-Aug-2021,0.616,0.605
00:09:57,05-Aug-2021,0.616,0.605
00:09:57,05-Aug-2021,0.616,0.604
00:09:57,05-Aug-2021,0.616,0.604
00:09:57,05-Aug-2021,0.616,0.604
00:09:57,05-Aug-2021,0.616,0.604
00:09:57,05-Aug-2021,0.616,0.603
00:09:57,05-Aug-2021,0.616,0.603
00:09:57,05-Aug-2021,0.616,0.602
00:09:57,05-Aug-2021,0.616,0.602
00:09:57,05-Aug-2021,0.616,0.601
00:09:57,05-Aug-2021,0.616,0.601
00:09:57,05-Aug-2021,0.616,0.6
00:09:57,05-Aug-2021,0.616,0.599
00:09:57,05-Aug-2021,0.6205,0.599
00:09:57,05-Aug-2021,0.6205,0.598
00:09:57,05-Aug-2021,0.6205,0.597
00:09:57,05-Aug-2021,0.6205,0.597
00:09:57,05-Aug-2021,0.616,0.596
00:09:57,05-Aug-2021,0.616,0.595
00:09:57,05-Aug-2021,0.616,0.594
00:09:57,05-Aug-2021,0.616,0.594
00:09:57,05-Aug-2021,0.5765,0.593
00:09:57,05-Aug-2021,0.5765,0.592
00:09:57,05-Aug-2021,0.5765,0.591
00:09:57,05-Aug-2021,0.5765,0.591
00:09:57,05-Aug-2021,0.5765,0.59
00:09:57,05-Aug-2021,0.562,0.589
00:09:57,05-Aug-2021,0.562,0.589
00:09:57,05-Aug-2021,0.562,0.588
00:09:57,05-Aug-2021,0.562,0.587
00:09:57,05-Aug-2021,0.562,0.587
00:09:57,05-Aug-2021,0.562,0.586
00:09:57,05-Aug-2021,0.567,0.586
00:09:57,05-Aug-2021,0.567,0.585
00:09:57,05-Aug-2021,0.567,0.585
00:09:57,05-Aug-2021,0.567,0.584
00:09:57,05-Aug-2021,0.5720000000000001,0.584
00:09:57,05-Aug-2021,0.5720000000000001,0.584
00:09:57,05-Aug-2021,0.5720000000000001,0.583
00:09:57,05-Aug-2021,0.5720000000000001,0.583
00:09:57,05-Aug-2021,0.5720000000000001,0.583
00:09:57,05-Aug-2021,0.5865,0.583
00:09:57,05-Aug-2021,0.5865,0.583
00:09:57,05-Aug-2021,0.5865,0.583
00:09:57,05-Aug-2021,0.5865,0.583
00:09:57,05-Aug-2021,0.5865,0.583
00:09:57,05-Aug-2021,0.5865,0.583
00:09:57,05-Aug-2021,0.5865,0.583
00:09:57,05-Aug-2021,0.5865,0.583
00:09:57,05-Aug-2021,0.5865,0.584
00:09:57,05-Aug-2021,0.5865,0.584
00:09:57,05-Aug-2021,0.5865,0.584
00:09:57,05-Aug-2021,0.5865,0.585
00:09:57,05-Aug-2021,0.5865,0.585
00:09:57,05-Aug-2021,0.5865,0.586
00:09:57,05-Aug-2021,0.5865,0.586
00:09:57,05-Aug-2021,0.5865,0.587
00:09:57,05-Aug-2021,0.5865,0.588
00:09:57,05-Aug-2021,0.5865,0.588
00:09:57,05-Aug-2021,0.5865,0.589
00:09:57,05-Aug-2021,0.5865,0.59
00:09:57,05-Aug-2021,0.5865,0.59
00:09:57,05-Aug-2021,0.5865,0.591
00:09:57,05-Aug-2021,0.5865,0.592
00:09:57,05-Aug-2021,0.5915,0.593
00:09:57,05-Aug-2021,0.5915,0.593
00:09:57,05-Aug-2021,0.5915,0.594
00:09:57,05-Aug-2021,0.5915,0.595
00:09:57,05-Aug-2021,0.5915,0.596
00:09:57,05-Aug-2021,0.5965,0.596
00:09:57,05-Aug-2021,0.5965,0.597
00:09:57,05-Aug-2021,0.5965,0.598
00:09:57,05-Aug-2021,0.5965,0.599
00:09:58,05-Aug-2021,0.601,0.6
00:09:58,05-Aug-2021,0.601,0.6
00:09:58,05-Aug-2021,0.601,0.601
00:09:58,05-Aug-2021,0.601,0.602
00:09:58,05-Aug-2021,0.601,0.602
00:09:58,05-Aug-2021,0.606,0.603
00:09:58,05-Aug-2021,0.606,0.603
00:09:58,05-Aug-2021,0.606,0.604
00:09:58,05-Aug-2021,0.606,0.605
00:09:58,05-Aug-2021,0.606,0.605
00:09:58,05-Aug-2021,0.606,0.605
00:09:58,05-Aug-2021,0.606,0.606
00:09:58,05-Aug-2021,0.606,0.606
00:09:58,05-Aug-2021,0.606,0.606
00:09:58,05-Aug-2021,0.606,0.607
00:09:58,05-Aug-2021,0.611,0.607
00:09:58,05-Aug-2021,0.611,0.607
00:09:58,05-Aug-2021,0.611,0.607
00:09:58,05-Aug-2021,0.611,0.607
00:09:58,05-Aug-2021,0.611,0.607
00:09:58,05-Aug-2021,0.611,0.607
00:09:58,05-Aug-2021,0.611,0.607
00:09:58,05-Aug-2021,0.611,0.607
00:09:58,05-Aug-2021,0.611,0.606
00:09:58,05-Aug-2021,0.616,0.606
00:09:58,05-Aug-2021,0.616,0.606
00:09:58,05-Aug-2021,0.616,0.605
00:09:58,05-Aug-2021,0.616,0.605
00:09:58,05-Aug-2021,0.616,0.604
00:09:58,05-Aug-2021,0.616,0.604
00:09:58,05-Aug-2021,0.616,0.603
00:09:58,05-Aug-2021,0.616,0.603
00:09:58,05-Aug-2021,0.616,0.602
00:09:58,05-Aug-2021,0.6205,0.601
00:09:58,05-Aug-2021,0.6205,0.601
00:09:58,05-Aug-2021,0.6205,0.6
00:09:58,05-Aug-2021,0.6205,0.599
00:09:58,05-Aug-2021,0.6205,0.598
00:09:58,05-Aug-2021,0.616,0.598
00:09:58,05-Aug-2021,0.616,0.597
00:09:58,05-Aug-2021,0.616,0.596
00:09:58,05-Aug-2021,0.616,0.595
00:09:58,05-Aug-2021,0.616,0.594
00:09:58,05-Aug-2021,0.5765,0.594
00:09:58,05-Aug-2021,0.5765,0.593
00:09:58,05-Aug-2021,0.5765,0.592
00:09:58,05-Aug-2021,0.5765,0.591
00:09:58,05-Aug-2021,0.562,0.59
00:09:58,05-Aug-2021,0.562,0.59
00:09:58,05-Aug-2021,0.562,0.589
00:09:58,05-Aug-2021,0.562,0.588
00:09:58,05-Aug-2021,0.562,0.587
00:09:58,05-Aug-2021,0.567,0.587
00:09:58,05-Aug-2021,0.567,0.586
00:09:58,05-Aug-2021,0.567,0.586
00:09:58,05-Aug-2021,0.567,0.585
00:09:58,05-Aug-2021,0.567,0.585
00:09:58,05-Aug-2021,0.5720000000000001,0.584
00:09:58,05-Aug-2021,0.5720000000000001,0.584
00:09:58,05-Aug-2021,0.5720000000000001,0.583
00:09:58,05-Aug-2021,0.5720000000000001,0.583
00:09:58,05-Aug-2021,0.5720000000000001,0.583
00:09:58,05-Aug-2021,0.5815,0.583
00:09:58,05-Aug-2021,0.5815,0.582
00:09:58,05-Aug-2021,0.5815,0.582
00:09:58,05-Aug-2021,0.5815,0.582
00:09:58,05-Aug-2021,0.5815,0.582
00:09:58,05-Aug-2021,0.5865,0.582
00:09:58,05-Aug-2021,0.5865,0.582
00:09:58,05-Aug-2021,0.5865,0.583
00:09:58,05-Aug-2021,0.5865,0.583
00:09:58,05-Aug-2021,0.5865,0.583
00:09:58,05-Aug-2021,0.5865,0.583
00:09:58,05-Aug-2021,0.5865,0.584
00:09:58,05-Aug-2021,0.5865,0.584
00:09:58,05-Aug-2021,0.5865,0.585
00:09:58,05-Aug-2021,0.5865,0.585
00:09:58,05-Aug-2021,0.5865,0.586
00:09:58,05-Aug-2021,0.5865,0.586
00:09:58,05-Aug-2021,0.5865,0.587
00:09:58,05-Aug-2021,0.5865,0.588
00:09:58,05-Aug-2021,0.5865,0.588
00:09:58,05-Aug-2021,0.5865,0.589
00:09:58,05-Aug-2021,0.5865,0.59
00:09:58,05-Aug-2021,0.5865,0.59
00:09:58,05-Aug-2021,0.5865,0.591
00:09:58,05-Aug-2021,0.5915,0.592
00:09:58,05-Aug-2021,0.5915,0.593
00:09:58,05-Aug-2021,0.5915,0.594
00:09:58,05-Aug-2021,0.5915,0.594
00:09:58,05-Aug-2021,0.5915,0.595
00:09:58,05-Aug-2021,0.5965,0.596
00:09:58,05-Aug-2021,0.5965,0.597
00:09:58,05-Aug-2021,0.5965,0.598
00:09:58,05-Aug-2021,0.5965,0.598
00:09:58,05-Aug-2021,0.601,0.599
00:09:58,05-Aug-2021,0.601,0.6
00:09:58,05-Aug-2021,0.601,0.601
00:09:58,05-Aug-2021,0.601,0.601
00:09:58,05-Aug-2021,0.601,0.602
00:09:58,05-Aug-2021,0.601,0.602
00:09:58,05-Aug-2021,0.601,0.603
00:09:58,05-Aug-2021,0.601,0.604
00:09:58,05-Aug-2021,0.601,0.604
00:09:58,05-Aug-2021,0.601,0.605
00:09:58,05-Aug-2021,0.601,0.605
00:09:58,05-Aug-2021,0.611,0.605
00:09:58,05-Aug-2021,0.611,0.606
00:09:58,05-Aug-2021,0.611,0.606
00:09:58,05-Aug-2021,0.611,0.606
00:09:58,05-Aug-2021,0.611,0.606
00:09:58,05-Aug-2021,0.611,0.607
00:09:58,05-Aug-2021,0.611,0.607
00:09:58,05-Aug-2021,0.611,0.607
00:09:58,05-Aug-2021,0.611,0.607
00:09:58,05-Aug-2021,0.611,0.607
00:09:58,05-Aug-2021,0.611,0.606
00:09:58,05-Aug-2021,0.611,0.606
00:09:58,05-Aug-2021,0.611,0.606
00:09:58,05-Aug-2021,0.611,0.606
00:09:58,05-Aug-2021,0.616,0.605
00:09:58,05-Aug-2021,0.616,0.605
00:09:58,05-Aug-2021,0.616,0.604
00:09:58,05-Aug-2021,0.616,0.604
00:09:58,05-Aug-2021,0.616,0.603
00:09:58,05-Aug-2021,0.616,0.603
00:09:58,05-Aug-2021,0.616,0.602
00:09:58,05-Aug-2021,0.616,0.602
00:09:58,05-Aug-2021,0.616,0.601
00:09:58,05-Aug-2021,0.6205,0.6
00:09:58,05-Aug-2021,0.6205,0.6
00:09:58,05-Aug-2021,0.6205,0.599
00:09:58,05-Aug-2021,0.6205,0.598
00:09:58,05-Aug-2021,0.6205,0.597
00:09:58,05-Aug-2021,0.616,0.596
00:09:58,05-Aug-2021,0.616,0.596
00:09:58,05-Aug-2021,0.616,0.595
00:09:58,05-Aug-2021,0.616,0.594
00:09:58,05-Aug-2021,0.5720000000000001,0.593
00:09:58,05-Aug-2021,0.5720000000000001,0.592
00:09:58,05-Aug-2021,0.5720000000000001,0.592
00:09:58,05-Aug-2021,0.5720000000000001,0.591
00:09:58,05-Aug-2021,0.5720000000000001,0.59
00:09:58,05-Aug-2021,0.562,0.589
00:09:58,05-Aug-2021,0.562,0.589
00:09:58,05-Aug-2021,0.562,0.588
00:09:58,05-Aug-2021,0.562,0.587
00:09:58,05-Aug-2021,0.567,0.587
00:09:58,05-Aug-2021,0.567,0.586
00:09:58,05-Aug-2021,0.567,0.585
00:09:58,05-Aug-2021,0.567,0.585
00:09:58,05-Aug-2021,0.567,0.584
00:09:58,05-Aug-2021,0.5720000000000001,0.584
00:09:58,05-Aug-2021,0.5720000000000001,0.584
00:09:58,05-Aug-2021,0.5720000000000001,0.583
00:09:58,05-Aug-2021,0.5720000000000001,0.583
00:09:58,05-Aug-2021,0.5720000000000001,0.583
00:09:58,05-Aug-2021,0.5765,0.582
00:09:58,05-Aug-2021,0.5765,0.582
00:09:58,05-Aug-2021,0.5765,0.582
00:09:58,05-Aug-2021,0.5865,0.582
00:09:58,05-Aug-2021,0.5865,0.582
00:09:58,05-Aug-2021,0.5865,0.582
00:09:58,05-Aug-2021,0.5865,0.582
00:09:58,05-Aug-2021,0.5865,0.583
00:09:58,05-Aug-2021,0.5865,0.583
00:09:58,05-Aug-2021,0.5865,0.583
00:09:58,05-Aug-2021,0.5865,0.583
00:09:58,05-Aug-2021,0.5865,0.584
00:09:58,05-Aug-2021,0.5865,0.584
00:09:58,05-Aug-2021,0.5815,0.585
00:09:58,05-Aug-2021,0.5815,0.585
00:09:58,05-Aug-2021,0.5815,0.586
00:09:58,05-Aug-2021,0.5815,0.586
00:09:58,05-Aug-2021,0.5865,0.587
00:09:58,05-Aug-2021,0.5865,0.588
00:09:58,05-Aug-2021,0.5865,0.588
00:09:58,05-Aug-2021,0.5865,0.589
00:09:58,05-Aug-2021,0.5865,0.59
00:09:58,05-Aug-2021,0.5915,0.59
00:09:58,05-Aug-2021,0.5915,0.591
00:09:58,05-Aug-2021,0.5915,0.592
00:09:58,05-Aug-2021,0.5915,0.593
00:09:58,05-Aug-2021,0.5915,0.593
00:09:58,05-Aug-2021,0.5915,0.594
00:09:58,05-Aug-2021,0.5915,0.595
00:09:58,05-Aug-2021,0.5915,0.596
00:09:58,05-Aug-2021,0.5915,0.596
00:09:58,05-Aug-2021,0.601,0.597
00:09:58,05-Aug-2021,0.601,0.598
00:09:58,05-Aug-2021,0.601,0.599
00:09:58,05-Aug-2021,0.601,0.599
00:09:58,05-Aug-2021,0.601,0.6
00:09:58,05-Aug-2021,0.601,0.601
00:09:58,05-Aug-2021,0.601,0.601
00:09:58,05-Aug-2021,0.601,0.602
00:09:58,05-Aug-2021,0.601,0.602
00:09:58,05-Aug-2021,0.601,0.603
00:09:58,05-Aug-2021,0.606,0.603
00:09:58,05-Aug-2021,0.606,0.604
00:09:58,05-Aug-2021,0.606,0.604
00:09:58,05-Aug-2021,0.606,0.604
00:09:58,05-Aug-2021,0.606,0.605
00:09:58,05-Aug-2021,0.606,0.605
00:09:58,05-Aug-2021,0.606,0.605
00:09:58,05-Aug-2021,0.606,0.605
00:09:58,05-Aug-2021,0.606,0.605
00:09:58,05-Aug-2021,0.611,0.605
00:09:58,05-Aug-2021,0.611,0.605
00:09:58,05-Aug-2021,0.611,0.605
00:09:58,05-Aug-2021,0.611,0.605
00:09:58,05-Aug-2021,0.616,0.605
00:09:58,05-Aug-2021,0.616,0.604
00:09:58,05-Aug-2021,0.616,0.604
00:09:58,05-Aug-2021,0.616,0.604
00:09:58,05-Aug-2021,0.616,0.603
00:09:58,05-Aug-2021,0.616,0.603
00:09:58,05-Aug-2021,0.616,0.602
00:09:58,05-Aug-2021,0.616,0.602
00:09:58,05-Aug-2021,0.616,0.601
00:09:58,05-Aug-2021,0.616,0.6
00:09:58,05-Aug-2021,0.6205,0.6
00:09:58,05-Aug-2021,0.6205,0.599
00:09:58,05-Aug-2021,0.6205,0.598
00:09:58,05-Aug-2021,0.6205,0.597
00:09:58,05-Aug-2021,0.6205,0.597
00:09:58,05-Aug-2021,0.616,0.596
00:09:58,05-Aug-2021,0.616,0.595
00:09:58,05-Aug-2021,0.616,0.594
00:09:58,05-Aug-2021,0.616,0.593
00:09:58,05-Aug-2021,0.5720000000000001,0.593
00:09:58,05-Aug-2021,0.5720000000000001,0.592
00:09:58,05-Aug-2021,0.5720000000000001,0.591
00:09:58,05-Aug-2021,0.5720000000000001,0.59
00:09:58,05-Aug-2021,0.5720000000000001,0.589
00:09:58,05-Aug-2021,0.562,0.588
00:09:58,05-Aug-2021,0.562,0.588
00:09:58,05-Aug-2021,0.562,0.587
00:09:58,05-Aug-2021,0.562,0.586
00:09:58,05-Aug-2021,0.562,0.585
00:09:58,05-Aug-2021,0.5569999999999999,0.585
00:09:58,05-Aug-2021,0.5569999999999999,0.584
00:09:58,05-Aug-2021,0.5569999999999999,0.583
00:09:58,05-Aug-2021,0.5569999999999999,0.583
00:09:58,05-Aug-2021,0.5720000000000001,0.582
00:09:58,05-Aug-2021,0.5720000000000001,0.582
00:09:59,05-Aug-2021,0.5720000000000001,0.581
00:09:59,05-Aug-2021,0.5720000000000001,0.581
00:09:59,05-Aug-2021,0.5720000000000001,0.58
00:09:59,05-Aug-2021,0.5720000000000001,0.58
00:09:59,05-Aug-2021,0.5765,0.58
00:09:59,05-Aug-2021,0.5765,0.58
00:09:59,05-Aug-2021,0.5765,0.579
00:09:59,05-Aug-2021,0.5765,0.579
00:09:59,05-Aug-2021,0.5865,0.579
00:09:59,05-Aug-2021,0.5865,0.579
00:09:59,05-Aug-2021,0.5865,0.579
00:09:59,05-Aug-2021,0.5865,0.58
00:09:59,05-Aug-2021,0.5865,0.58
00:09:59,05-Aug-2021,0.5865,0.58
00:09:59,05-Aug-2021,0.5865,0.58
00:09:59,05-Aug-2021,0.5865,0.581
00:09:59,05-Aug-2021,0.5865,0.581
00:09:59,05-Aug-2021,0.5865,0.582
00:09:59,05-Aug-2021,0.5865,0.582
00:09:59,05-Aug-2021,0.5865,0.583
00:09:59,05-Aug-2021,0.5865,0.583
00:09:59,05-Aug-2021,0.5865,0.584
00:09:59,05-Aug-2021,0.5865,0.585
00:09:59,05-Aug-2021,0.5865,0.585
00:09:59,05-Aug-2021,0.5865,0.586
00:09:59,05-Aug-2021,0.5865,0.587
00:09:59,05-Aug-2021,0.5865,0.588
00:09:59,05-Aug-2021,0.5865,0.589
00:09:59,05-Aug-2021,0.5865,0.589
00:09:59,05-Aug-2021,0.5915,0.59
00:09:59,05-Aug-2021,0.5915,0.591
00:09:59,05-Aug-2021,0.5915,0.592
00:09:59,05-Aug-2021,0.5915,0.593
00:09:59,05-Aug-2021,0.5915,0.594
00:09:59,05-Aug-2021,0.5965,0.595
00:09:59,05-Aug-2021,0.5965,0.596
00:09:59,05-Aug-2021,0.5965,0.597
00:09:59,05-Aug-2021,0.5965,0.598
00:09:59,05-Aug-2021,0.5965,0.599
00:09:59,05-Aug-2021,0.5965,0.6
00:09:59,05-Aug-2021,0.5965,0.601
00:09:59,05-Aug-2021,0.5965,0.601
00:09:59,05-Aug-2021,0.5965,0.602
00:09:59,05-Aug-2021,0.5965,0.603
00:09:59,05-Aug-2021,0.606,0.604
00:09:59,05-Aug-2021,0.606,0.605
00:09:59,05-Aug-2021,0.606,0.605
00:09:59,05-Aug-2021,0.606,0.606
00:09:59,05-Aug-2021,0.606,0.607
00:09:59,05-Aug-2021,0.606,0.607
00:09:59,05-Aug-2021,0.606,0.608
00:09:59,05-Aug-2021,0.606,0.608
00:09:59,05-Aug-2021,0.606,0.609
00:09:59,05-Aug-2021,0.606,0.609
00:09:59,05-Aug-2021,0.611,0.61
00:09:59,05-Aug-2021,0.611,0.61
00:09:59,05-Aug-2021,0.611,0.61
00:09:59,05-Aug-2021,0.611,0.61
00:09:59,05-Aug-2021,0.611,0.61
00:09:59,05-Aug-2021,0.611,0.61
00:09:59,05-Aug-2021,0.611,0.61
00:09:59,05-Aug-2021,0.611,0.61
00:09:59,05-Aug-2021,0.611,0.61
00:09:59,05-Aug-2021,0.616,0.61
00:09:59,05-Aug-2021,0.616,0.61
00:09:59,05-Aug-2021,0.616,0.609
00:09:59,05-Aug-2021,0.616,0.609
00:09:59,05-Aug-2021,0.616,0.609
00:09:59,05-Aug-2021,0.616,0.608
00:09:59,05-Aug-2021,0.616,0.608
00:09:59,05-Aug-2021,0.616,0.607
00:09:59,05-Aug-2021,0.616,0.607
00:09:59,05-Aug-2021,0.616,0.606
00:09:59,05-Aug-2021,0.616,0.605
00:09:59,05-Aug-2021,0.6205,0.604
00:09:59,05-Aug-2021,0.6205,0.604
00:09:59,05-Aug-2021,0.6205,0.603
00:09:59,05-Aug-2021,0.6205,0.602
00:09:59,05-Aug-2021,0.616,0.601
00:09:59,05-Aug-2021,0.616,0.6
00:09:59,05-Aug-2021,0.616,0.6
00:09:59,05-Aug-2021,0.616,0.599
00:09:59,05-Aug-2021,0.616,0.598
00:09:59,05-Aug-2021,0.616,0.597
00:09:59,05-Aug-2021,0.606,0.596
00:09:59,05-Aug-2021,0.606,0.595
00:09:59,05-Aug-2021,0.606,0.594
00:09:59,05-Aug-2021,0.606,0.593
00:09:59,05-Aug-2021,0.606,0.592
00:09:59,05-Aug-2021,0.562,0.591
00:09:59,05-Aug-2021,0.562,0.59
00:09:59,05-Aug-2021,0.562,0.59
00:09:59,05-Aug-2021,0.562,0.589
00:09:59,05-Aug-2021,0.5569999999999999,0.588
00:09:59,05-Aug-2021,0.5569999999999999,0.587
00:09:59,05-Aug-2021,0.5569999999999999,0.587
00:09:59,05-Aug-2021,0.5569999999999999,0.586
00:09:59,05-Aug-2021,0.5569999999999999,0.585
00:09:59,05-Aug-2021,0.5720000000000001,0.585
00:09:59,05-Aug-2021,0.5720000000000001,0.584
00:09:59,05-Aug-2021,0.5720000000000001,0.584
00:09:59,05-Aug-2021,0.5720000000000001,0.583
00:09:59,05-Aug-2021,0.5720000000000001,0.583
00:09:59,05-Aug-2021,0.5765,0.582
00:09:59,05-Aug-2021,0.5765,0.582
00:09:59,05-Aug-2021,0.5765,0.582
00:09:59,05-Aug-2021,0.5765,0.582
00:09:59,05-Aug-2021,0.5865,0.582
00:09:59,05-Aug-2021,0.5865,0.581
00:09:59,05-Aug-2021,0.5865,0.581
00:09:59,05-Aug-2021,0.5865,0.581
00:09:59,05-Aug-2021,0.5865,0.582
00:09:59,05-Aug-2021,0.5865,0.582
00:09:59,05-Aug-2021,0.5865,0.582
00:09:59,05-Aug-2021,0.5865,0.582
00:09:59,05-Aug-2021,0.5815,0.582
00:09:59,05-Aug-2021,0.5815,0.583
00:09:59,05-Aug-2021,0.5815,0.583
00:09:59,05-Aug-2021,0.5815,0.584
00:09:59,05-Aug-2021,0.5815,0.584
00:09:59,05-Aug-2021,0.5865,0.585
00:09:59,05-Aug-2021,0.5865,0.585
00:09:59,05-Aug-2021,0.5865,0.586
00:09:59,05-Aug-2021,0.5865,0.587
00:09:59,05-Aug-2021,0.5865,0.587
00:09:59,05-Aug-2021,0.5865,0.588
00:09:59,05-Aug-2021,0.5865,0.589
00:09:59,05-Aug-2021,0.5865,0.59
00:09:59,05-Aug-2021,0.5865,0.59
00:09:59,05-Aug-2021,0.5865,0.591
00:09:59,05-Aug-2021,0.5915,0.592
00:09:59,05-Aug-2021,0.5915,0.593
00:09:59,05-Aug-2021,0.5915,0.594
00:09:59,05-Aug-2021,0.5915,0.594
00:09:59,05-Aug-2021,0.5915,0.595
00:09:59,05-Aug-2021,0.5965,0.596
00:09:59,05-Aug-2021,0.5965,0.597
00:09:59,05-Aug-2021,0.5965,0.598
00:09:59,05-Aug-2021,0.5965,0.599
00:09:59,05-Aug-2021,0.5965,0.599
00:09:59,05-Aug-2021,0.601,0.6
00:09:59,05-Aug-2021,0.601,0.601
00:09:59,05-Aug-2021,0.601,0.601
00:09:59,05-Aug-2021,0.601,0.602
00:09:59,05-Aug-2021,0.601,0.603
00:09:59,05-Aug-2021,0.601,0.603
00:09:59,05-Aug-2021,0.601,0.604
00:09:59,05-Aug-2021,0.601,0.604
00:09:59,05-Aug-2021,0.601,0.605
00:09:59,05-Aug-2021,0.611,0.605
00:09:59,05-Aug-2021,0.611,0.606
00:09:59,05-Aug-2021,0.611,0.606
00:09:59,05-Aug-2021,0.611,0.606
00:09:59,05-Aug-2021,0.611,0.606
00:09:59,05-Aug-2021,0.611,0.606
00:09:59,05-Aug-2021,0.611,0.607
00:09:59,05-Aug-2021,0.611,0.607
00:09:59,05-Aug-2021,0.611,0.607
00:09:59,05-Aug-2021,0.616,0.606
00:09:59,05-Aug-2021,0.616,0.606
00:09:59,05-Aug-2021,0.616,0.606
00:09:59,05-Aug-2021,0.616,0.606
00:09:59,05-Aug-2021,0.616,0.606
00:09:59,05-Aug-2021,0.616,0.605
00:09:59,05-Aug-2021,0.616,0.605
00:09:59,05-Aug-2021,0.616,0.604
00:09:59,05-Aug-2021,0.616,0.604
00:09:59,05-Aug-2021,0.616,0.603
00:09:59,05-Aug-2021,0.6205,0.603
00:09:59,05-Aug-2021,0.6205,0.602
00:09:59,05-Aug-2021,0.6205,0.602
00:09:59,05-Aug-2021,0.6205,0.601
00:09:59,05-Aug-2021,0.616,0.6
00:09:59,05-Aug-2021,0.616,0.599
00:09:59,05-Aug-2021,0.616,0.599
00:09:59,05-Aug-2021,0.616,0.598
00:09:59,05-Aug-2021,0.611,0.597
00:09:59,05-Aug-2021,0.611,0.596
00:09:59,05-Aug-2021,0.611,0.595
00:09:59,05-Aug-2021,0.611,0.594
00:09:59,05-Aug-2021,0.611,0.594
00:09:59,05-Aug-2021,0.562,0.593
00:09:59,05-Aug-2021,0.562,0.592
00:09:59,05-Aug-2021,0.562,0.591
00:09:59,05-Aug-2021,0.562,0.59
00:09:59,05-Aug-2021,0.562,0.589
00:09:59,05-Aug-2021,0.5569999999999999,0.589
00:09:59,05-Aug-2021,0.5569999999999999,0.588
00:09:59,05-Aug-2021,0.5569999999999999,0.587
00:09:59,05-Aug-2021,0.5569999999999999,0.586
00:09:59,05-Aug-2021,0.5569999999999999,0.586
00:09:59,05-Aug-2021,0.5720000000000001,0.585
00:09:59,05-Aug-2021,0.5720000000000001,0.584
00:09:59,05-Aug-2021,0.5720000000000001,0.584
00:09:59,05-Aug-2021,0.5720000000000001,0.583
00:09:59,05-Aug-2021,0.5720000000000001,0.582
00:09:59,05-Aug-2021,0.5765,0.582
00:09:59,05-Aug-2021,0.5765,0.582
00:09:59,05-Aug-2021,0.5765,0.581
00:09:59,05-Aug-2021,0.5765,0.581
00:09:59,05-Aug-2021,0.5865,0.58
00:09:59,05-Aug-2021,0.5865,0.58
00:09:59,05-Aug-2021,0.5865,0.58
00:09:59,05-Aug-2021,0.5865,0.58
00:09:59,05-Aug-2021,0.5865,0.58
00:09:59,05-Aug-2021,0.5865,0.58
00:09:59,05-Aug-2021,0.5865,0.58
00:09:59,05-Aug-2021,0.5865,0.58
00:09:59,05-Aug-2021,0.5865,0.58
00:09:59,05-Aug-2021,0.5865,0.58
00:09:59,05-Aug-2021,0.5865,0.58
00:09:59,05-Aug-2021,0.5865,0.581
00:09:59,05-Aug-2021,0.5815,0.581
00:09:59,05-Aug-2021,0.5815,0.581
00:09:59,05-Aug-2021,0.5815,0.582
00:09:59,05-Aug-2021,0.5815,0.582
00:09:59,05-Aug-2021,0.5815,0.583
00:09:59,05-Aug-2021,0.5815,0.583
00:09:59,05-Aug-2021,0.5815,0.584
00:09:59,05-Aug-2021,0.5815,0.584
00:09:59,05-Aug-2021,0.5815,0.585
00:09:59,05-Aug-2021,0.5865,0.586
00:09:59,05-Aug-2021,0.5865,0.587
00:09:59,05-Aug-2021,0.5865,0.587
00:09:59,05-Aug-2021,0.5865,0.588
00:09:59,05-Aug-2021,0.5865,0.589
00:09:59,05-Aug-2021,0.5915,0.59
00:09:59,05-Aug-2021,0.5915,0.59
00:09:59,05-Aug-2021,0.5915,0.591
00:09:59,05-Aug-2021,0.5915,0.592
00:09:59,05-Aug-2021,0.5915,0.593
00:09:59,05-Aug-2021,0.5915,0.594
00:09:59,05-Aug-2021,0.5915,0.594
00:09:59,05-Aug-2021,0.5915,0.595
00:09:59,05-Aug-2021,0.5915,0.596
00:09:59,05-Aug-2021,0.5915,0.597
00:09:59,05-Aug-2021,0.5915,0.597
00:09:59,05-Aug-2021,0.5965,0.598
00:09:59,05-Aug-2021,0.5965,0.599
00:09:59,05-Aug-2021,0.5965,0.6
00:09:59,05-Aug-2021,0.5965,0.6
00:09:59,05-Aug-2021,0.5965,0.601
00:09:59,05-Aug-2021,0.5965,0.601
00:09:59,05-Aug-2021,0.5965,0.602
00:09:59,05-Aug-2021,0.5965,0.602
00:09:59,05-Aug-2021,0.5965,0.603
00:09:59,05-Aug-2021,0.5965,0.603
00:09:59,05-Aug-2021,0.606,0.603
00:09:59,05-Aug-2021,0.606,0.604
00:09:59,05-Aug-2021,0.606,0.604
00:09:59,05-Aug-2021,0.606,0.604
00:09:59,05-Aug-2021,0.606,0.604
00:09:59,05-Aug-2021,0.606,0.604
00:09:59,05-Aug-2021,0.611,0.604
00:09:59,05-Aug-2021,0.611,0.604
00:09:59,05-Aug-2021,0.611,0.604
00:09:59,05-Aug-2021,0.611,0.604
00:10:00,05-Aug-2021,0.611,0.604
00:10:00,05-Aug-2021,0.611,0.604
00:10:00,05-Aug-2021,0.611,0.603
00:10:00,05-Aug-2021,0.611,0.603
00:10:00,05-Aug-2021,0.611,0.603
00:10:00,05-Aug-2021,0.616,0.602
00:10:00,05-Aug-2021,0.616,0.602
00:10:00,05-Aug-2021,0.616,0.601
00:10:00,05-Aug-2021,0.616,0.601
00:10:00,05-Aug-2021,0.6205,0.6
00:10:00,05-Aug-2021,0.6205,0.599
00:10:00,05-Aug-2021,0.6205,0.599
00:10:00,05-Aug-2021,0.6205,0.598
00:10:00,05-Aug-2021,0.616,0.597
00:10:00,05-Aug-2021,0.616,0.596
00:10:00,05-Aug-2021,0.616,0.596
00:10:00,05-Aug-2021,0.616,0.595
00:10:00,05-Aug-2021,0.616,0.594
00:10:00,05-Aug-2021,0.601,0.593
00:10:00,05-Aug-2021,0.601,0.592
00:10:00,05-Aug-2021,0.601,0.591
00:10:00,05-Aug-2021,0.601,0.59
00:10:00,05-Aug-2021,0.562,0.59
00:10:00,05-Aug-2021,0.562,0.589
00:10:00,05-Aug-2021,0.562,0.588
00:10:00,05-Aug-2021,0.562,0.587
00:10:00,05-Aug-2021,0.562,0.586
00:10:00,05-Aug-2021,0.5569999999999999,0.585
00:10:00,05-Aug-2021,0.5569999999999999,0.585
00:10:00,05-Aug-2021,0.5569999999999999,0.584
00:10:00,05-Aug-2021,0.5569999999999999,0.583
00:10:00,05-Aug-2021,0.5569999999999999,0.582
00:10:00,05-Aug-2021,0.5720000000000001,0.582
00:10:00,05-Aug-2021,0.5720000000000001,0.581
00:10:00,05-Aug-2021,0.5720000000000001,0.581
00:10:00,05-Aug-2021,0.5720000000000001,0.58
00:10:00,05-Aug-2021,0.5720000000000001,0.58
00:10:00,05-Aug-2021,0.5720000000000001,0.579
00:10:00,05-Aug-2021,0.5720000000000001,0.579
00:10:00,05-Aug-2021,0.5720000000000001,0.578
00:10:00,05-Aug-2021,0.5720000000000001,0.578
00:10:00,05-Aug-2021,0.5720000000000001,0.578
00:10:00,05-Aug-2021,0.5815,0.578
00:10:00,05-Aug-2021,0.5815,0.578
00:10:00,05-Aug-2021,0.5815,0.578
00:10:00,05-Aug-2021,0.5815,0.578
00:10:00,05-Aug-2021,0.5815,0.578
00:10:00,05-Aug-2021,0.5865,0.578
00:10:00,05-Aug-2021,0.5865,0.578
00:10:00,05-Aug-2021,0.5865,0.578
00:10:00,05-Aug-2021,0.5865,0.579
00:10:00,05-Aug-2021,0.5865,0.579
00:10:00,05-Aug-2021,0.5815,0.579
00:10:00,05-Aug-2021,0.5815,0.58
00:10:00,05-Aug-2021,0.5815,0.58
00:10:00,05-Aug-2021,0.5815,0.581
00:10:00,05-Aug-2021,0.5815,0.581
00:10:00,05-Aug-2021,0.5815,0.582
00:10:00,05-Aug-2021,0.5815,0.583
00:10:00,05-Aug-2021,0.5815,0.584
00:10:00,05-Aug-2021,0.5815,0.584
00:10:00,05-Aug-2021,0.5815,0.585
00:10:00,05-Aug-2021,0.5815,0.586
00:10:00,05-Aug-2021,0.5865,0.587
00:10:00,05-Aug-2021,0.5865,0.588
00:10:00,05-Aug-2021,0.5865,0.589
00:10:00,05-Aug-2021,0.5865,0.59
00:10:00,05-Aug-2021,0.5865,0.591
00:10:00,05-Aug-2021,0.5915,0.592
00:10:00,05-Aug-2021,0.5915,0.593
00:10:00,05-Aug-2021,0.5915,0.594
00:10:00,05-Aug-2021,0.5915,0.595
00:10:00,05-Aug-2021,0.5915,0.596
00:10:00,05-Aug-2021,0.5965,0.597
00:10:00,05-Aug-2021,0.5965,0.597
00:10:00,05-Aug-2021,0.5965,0.598
00:10:00,05-Aug-2021,0.5965,0.599
00:10:00,05-Aug-2021,0.601,0.6
00:10:00,05-Aug-2021,0.601,0.601
00:10:00,05-Aug-2021,0.601,0.602
00:10:00,05-Aug-2021,0.601,0.603
00:10:00,05-Aug-2021,0.601,0.604
00:10:00,05-Aug-2021,0.601,0.604
00:10:00,05-Aug-2021,0.601,0.605
00:10:00,05-Aug-2021,0.601,0.606
00:10:00,05-Aug-2021,0.601,0.606
00:10:00,05-Aug-2021,0.601,0.607
00:10:00,05-Aug-2021,0.601,0.607
00:10:00,05-Aug-2021,0.606,0.608
00:10:00,05-Aug-2021,0.606,0.608
00:10:00,05-Aug-2021,0.606,0.609
00:10:00,05-Aug-2021,0.606,0.609
00:10:00,05-Aug-2021,0.606,0.609
00:10:00,05-Aug-2021,0.616,0.609
00:10:00,05-Aug-2021,0.616,0.609
00:10:00,05-Aug-2021,0.616,0.609
00:10:00,05-Aug-2021,0.616,0.609
00:10:00,05-Aug-2021,0.616,0.609
00:10:00,05-Aug-2021,0.616,0.609
00:10:00,05-Aug-2021,0.616,0.609
00:10:00,05-Aug-2021,0.616,0.609
00:10:00,05-Aug-2021,0.616,0.608
00:10:00,05-Aug-2021,0.616,0.608
00:10:00,05-Aug-2021,0.616,0.607
00:10:00,05-Aug-2021,0.616,0.607
00:10:00,05-Aug-2021,0.616,0.606
00:10:00,05-Aug-2021,0.616,0.606
00:10:00,05-Aug-2021,0.616,0.605
00:10:00,05-Aug-2021,0.616,0.604
00:10:00,05-Aug-2021,0.6205,0.603
00:10:00,05-Aug-2021,0.6205,0.602
00:10:00,05-Aug-2021,0.6205,0.602
00:10:00,05-Aug-2021,0.6205,0.601
00:10:00,05-Aug-2021,0.616,0.6
00:10:00,05-Aug-2021,0.616,0.599
00:10:00,05-Aug-2021,0.616,0.598
00:10:00,05-Aug-2021,0.616,0.597
00:10:00,05-Aug-2021,0.616,0.596
00:10:00,05-Aug-2021,0.616,0.594
00:10:00,05-Aug-2021,0.606,0.593
00:10:00,05-Aug-2021,0.606,0.592
00:10:00,05-Aug-2021,0.606,0.591
00:10:00,05-Aug-2021,0.606,0.59
00:10:00,05-Aug-2021,0.562,0.589
00:10:00,05-Aug-2021,0.562,0.588
00:10:00,05-Aug-2021,0.562,0.587
00:10:00,05-Aug-2021,0.562,0.586
00:10:00,05-Aug-2021,0.562,0.585
00:10:00,05-Aug-2021,0.5569999999999999,0.584
00:10:00,05-Aug-2021,0.5569999999999999,0.583
00:10:00,05-Aug-2021,0.5569999999999999,0.582
00:10:00,05-Aug-2021,0.5569999999999999,0.581
00:10:00,05-Aug-2021,0.5569999999999999,0.58
00:10:00,05-Aug-2021,0.5569999999999999,0.579
00:10:00,05-Aug-2021,0.562,0.579
00:10:00,05-Aug-2021,0.562,0.578
00:10:00,05-Aug-2021,0.562,0.577
00:10:00,05-Aug-2021,0.562,0.577
00:10:00,05-Aug-2021,0.562,0.576
00:10:00,05-Aug-2021,0.5720000000000001,0.576
00:10:00,05-Aug-2021,0.5720000000000001,0.575
00:10:00,05-Aug-2021,0.5720000000000001,0.575
00:10:00,05-Aug-2021,0.5720000000000001,0.575
00:10:00,05-Aug-2021,0.5720000000000001,0.574
00:10:00,05-Aug-2021,0.5765,0.574
00:10:00,05-Aug-2021,0.5765,0.574
00:10:00,05-Aug-2021,0.5765,0.574
00:10:00,05-Aug-2021,0.5765,0.574
00:10:00,05-Aug-2021,0.5765,0.574
00:10:00,05-Aug-2021,0.5765,0.575
00:10:00,05-Aug-2021,0.5865,0.575
00:10:00,05-Aug-2021,0.5865,0.575
00:10:00,05-Aug-2021,0.5865,0.576
00:10:00,05-Aug-2021,0.5865,0.576
00:10:00,05-Aug-2021,0.5815,0.577
00:10:00,05-Aug-2021,0.5815,0.577
00:10:00,05-Aug-2021,0.5815,0.578
00:10:00,05-Aug-2021,0.5815,0.578
00:10:00,05-Aug-2021,0.5815,0.579
00:10:00,05-Aug-2021,0.5815,0.58
00:10:00,05-Aug-2021,0.5815,0.581
00:10:00,05-Aug-2021,0.5815,0.582
00:10:00,05-Aug-2021,0.5815,0.583
00:10:00,05-Aug-2021,0.5815,0.584
00:10:00,05-Aug-2021,0.5815,0.585
00:10:00,05-Aug-2021,0.5815,0.586
00:10:00,05-Aug-2021,0.5815,0.587
00:10:00,05-Aug-2021,0.5815,0.588
00:10:00,05-Aug-2021,0.5815,0.589
00:10:00,05-Aug-2021,0.5915,0.59
00:10:00,05-Aug-2021,0.5915,0.591
00:10:00,05-Aug-2021,0.5915,0.592
00:10:00,05-Aug-2021,0.5915,0.594
00:10:00,05-Aug-2021,0.5915,0.595
00:10:00,05-Aug-2021,0.5915,0.596
00:10:00,05-Aug-2021,0.5915,0.597
00:10:00,05-Aug-2021,0.5915,0.598
00:10:00,05-Aug-2021,0.5915,0.599
00:10:00,05-Aug-2021,0.5915,0.6
00:10:00,05-Aug-2021,0.606,0.601
00:10:00,05-Aug-2021,0.606,0.602
00:10:00,05-Aug-2021,0.606,0.604
00:10:00,05-Aug-2021,0.606,0.604
00:10:00,05-Aug-2021,0.606,0.605
00:10:00,05-Aug-2021,0.606,0.606
00:10:00,05-Aug-2021,0.611,0.607
00:10:00,05-Aug-2021,0.611,0.608
00:10:00,05-Aug-2021,0.611,0.609
00:10:00,05-Aug-2021,0.611,0.609
00:10:00,05-Aug-2021,0.611,0.61
00:10:00,05-Aug-2021,0.611,0.61
00:10:00,05-Aug-2021,0.611,0.611
00:10:00,05-Aug-2021,0.611,0.611
00:10:00,05-Aug-2021,0.611,0.612
00:10:00,05-Aug-2021,0.611,0.612
00:10:00,05-Aug-2021,0.616,0.612
00:10:00,05-Aug-2021,0.616,0.612
00:10:00,05-Aug-2021,0.616,0.613
00:10:00,05-Aug-2021,0.616,0.613
00:10:00,05-Aug-2021,0.616,0.613
00:10:00,05-Aug-2021,0.616,0.612
00:10:00,05-Aug-2021,0.616,0.612
00:10:00,05-Aug-2021,0.616,0.612
00:10:00,05-Aug-2021,0.616,0.612
00:10:00,05-Aug-2021,0.616,0.611
00:10:00,05-Aug-2021,0.616,0.611
00:10:00,05-Aug-2021,0.616,0.61
00:10:00,05-Aug-2021,0.616,0.61
00:10:00,05-Aug-2021,0.616,0.609
00:10:00,05-Aug-2021,0.616,0.608
00:10:00,05-Aug-2021,0.616,0.607
00:10:00,05-Aug-2021,0.6205,0.607
00:10:00,05-Aug-2021,0.6205,0.606
00:10:00,05-Aug-2021,0.6205,0.605
00:10:00,05-Aug-2021,0.6205,0.604
00:10:00,05-Aug-2021,0.6205,0.603
00:10:00,05-Aug-2021,0.616,0.602
00:10:00,05-Aug-2021,0.616,0.601
00:10:00,05-Aug-2021,0.616,0.6
00:10:00,05-Aug-2021,0.616,0.599
00:10:00,05-Aug-2021,0.616,0.597
00:10:00,05-Aug-2021,0.616,0.596
00:10:00,05-Aug-2021,0.606,0.595
00:10:00,05-Aug-2021,0.606,0.594
00:10:00,05-Aug-2021,0.606,0.593
00:10:00,05-Aug-2021,0.606,0.592
00:10:00,05-Aug-2021,0.562,0.59
00:10:00,05-Aug-2021,0.562,0.589
00:10:00,05-Aug-2021,0.562,0.588
00:10:00,05-Aug-2021,0.562,0.587
00:10:00,05-Aug-2021,0.562,0.586
00:10:00,05-Aug-2021,0.562,0.585
00:10:00,05-Aug-2021,0.562,0.584
00:10:00,05-Aug-2021,0.562,0.583
00:10:00,05-Aug-2021,0.562,0.582
00:10:00,05-Aug-2021,0.562,0.581
00:10:00,05-Aug-2021,0.562,0.58
00:10:00,05-Aug-2021,0.562,0.579
00:10:00,05-Aug-2021,0.5569999999999999,0.578
00:10:00,05-Aug-2021,0.5569999999999999,0.577
00:10:00,05-Aug-2021,0.5569999999999999,0.577
00:10:00,05-Aug-2021,0.5569999999999999,0.576
00:10:00,05-Aug-2021,0.5569999999999999,0.576
00:10:00,05-Aug-2021,0.5765,0.575
00:10:00,05-Aug-2021,0.5765,0.575
00:10:00,05-Aug-2021,0.5765,0.574
00:10:00,05-Aug-2021,0.5765,0.574
00:10:00,05-Aug-2021,0.5765,0.574
00:10:00,05-Aug-2021,0.5815,0.573
00:10:00,05-Aug-2021,0.5815,0.573
00:10:00,05-Aug-2021,0.5815,0.573
00:10:00,05-Aug-2021,0.5815,0.573
00:10:00,05-Aug-2021,0.5815,0.573
00:10:00,05-Aug-2021,0.5815,0.574
00:10:00,05-Aug-2021,0.5815,0.574
00:10:00,05-Aug-2021,0.5815,0.574
00:10:00,05-Aug-2021,0.5815,0.574
00:10:00,05-Aug-2021,0.5815,0.575
00:10:00,05-Aug-2021,0.5815,0.575
00:10:00,05-Aug-2021,0.5815,0.576
00:10:00,05-Aug-2021,0.5815,0.576
00:10:00,05-Aug-2021,0.5815,0.577
00:10:00,05-Aug-2021,0.5815,0.578
00:10:00,05-Aug-2021,0.5815,0.579
00:10:00,05-Aug-2021,0.5815,0.579
00:10:00,05-Aug-2021,0.5815,0.58
00:10:01,05-Aug-2021,0.5815,0.581
00:10:01,05-Aug-2021,0.5815,0.582
00:10:01,05-Aug-2021,0.5815,0.583
00:10:01,05-Aug-2021,0.5815,0.584
00:10:01,05-Aug-2021,0.5815,0.585
00:10:01,05-Aug-2021,0.5815,0.586
00:10:01,05-Aug-2021,0.5815,0.587
00:10:01,05-Aug-2021,0.5815,0.588
00:10:01,05-Aug-2021,0.5915,0.589
00:10:01,05-Aug-2021,0.5915,0.591
00:10:01,05-Aug-2021,0.5915,0.592
00:10:01,05-Aug-2021,0.5915,0.593
00:10:01,05-Aug-2021,0.5915,0.594
00:10:01,05-Aug-2021,0.5915,0.595
00:10:01,05-Aug-2021,0.5915,0.596
00:10:01,05-Aug-2021,0.5915,0.597
00:10:01,05-Aug-2021,0.5915,0.598
00:10:01,05-Aug-2021,0.5915,0.599
00:10:01,05-Aug-2021,0.5915,0.6
00:10:01,05-Aug-2021,0.5965,0.601
00:10:01,05-Aug-2021,0.5965,0.602
00:10:01,05-Aug-2021,0.5965,0.603
00:10:01,05-Aug-2021,0.5965,0.604
00:10:01,05-Aug-2021,0.611,0.605
00:10:01,05-Aug-2021,0.611,0.606
00:10:01,05-Aug-2021,0.611,0.607
00:10:01,05-Aug-2021,0.611,0.607
00:10:01,05-Aug-2021,0.611,0.608
00:10:01,05-Aug-2021,0.611,0.609
00:10:01,05-Aug-2021,0.611,0.609
00:10:01,05-Aug-2021,0.611,0.61
00:10:01,05-Aug-2021,0.611,0.61
00:10:01,05-Aug-2021,0.611,0.61
00:10:01,05-Aug-2021,0.616,0.611
00:10:01,05-Aug-2021,0.616,0.611
00:10:01,05-Aug-2021,0.616,0.611
00:10:01,05-Aug-2021,0.616,0.611
00:10:01,05-Aug-2021,0.616,0.611
00:10:01,05-Aug-2021,0.611,0.611
00:10:01,05-Aug-2021,0.611,0.611
00:10:01,05-Aug-2021,0.611,0.611
00:10:01,05-Aug-2021,0.611,0.611
00:10:01,05-Aug-2021,0.611,0.61
00:10:01,05-Aug-2021,0.616,0.61
00:10:01,05-Aug-2021,0.616,0.61
00:10:01,05-Aug-2021,0.616,0.609
00:10:01,05-Aug-2021,0.616,0.609
00:10:01,05-Aug-2021,0.6205,0.608
00:10:01,05-Aug-2021,0.6205,0.607
00:10:01,05-Aug-2021,0.6205,0.607
00:10:01,05-Aug-2021,0.6205,0.606
00:10:01,05-Aug-2021,0.6205,0.605
00:10:01,05-Aug-2021,0.616,0.604
00:10:01,05-Aug-2021,0.616,0.603
00:10:01,05-Aug-2021,0.616,0.603
00:10:01,05-Aug-2021,0.616,0.602
00:10:01,05-Aug-2021,0.616,0.601
00:10:01,05-Aug-2021,0.616,0.6
00:10:01,05-Aug-2021,0.606,0.599
00:10:01,05-Aug-2021,0.606,0.598
00:10:01,05-Aug-2021,0.606,0.597
00:10:01,05-Aug-2021,0.606,0.596
00:10:01,05-Aug-2021,0.606,0.595
00:10:01,05-Aug-2021,0.5865,0.594
00:10:01,05-Aug-2021,0.5865,0.592
00:10:01,05-Aug-2021,0.5865,0.591
00:10:01,05-Aug-2021,0.5865,0.59
00:10:01,05-Aug-2021,0.5865,0.589
00:10:01,05-Aug-2021,0.562,0.588
00:10:01,05-Aug-2021,0.562,0.587
00:10:01,05-Aug-2021,0.562,0.586
00:10:01,05-Aug-2021,0.562,0.586
00:10:01,05-Aug-2021,0.562,0.585
00:10:01,05-Aug-2021,0.562,0.584
00:10:01,05-Aug-2021,0.562,0.583
00:10:01,05-Aug-2021,0.562,0.582
00:10:01,05-Aug-2021,0.562,0.581
00:10:01,05-Aug-2021,0.562,0.581
00:10:01,05-Aug-2021,0.562,0.58
00:10:01,05-Aug-2021,0.5765,0.58
00:10:01,05-Aug-2021,0.5765,0.579
00:10:01,05-Aug-2021,0.5765,0.578
00:10:01,05-Aug-2021,0.5765,0.578
00:10:01,05-Aug-2021,0.5765,0.578
00:10:01,05-Aug-2021,0.5815,0.577
00:10:01,05-Aug-2021,0.5815,0.577
00:10:01,05-Aug-2021,0.5815,0.577
00:10:01,05-Aug-2021,0.5815,0.577
00:10:01,05-Aug-2021,0.5815,0.577
00:10:01,05-Aug-2021,0.5815,0.577
00:10:01,05-Aug-2021,0.5815,0.577
00:10:01,05-Aug-2021,0.5815,0.577
00:10:01,05-Aug-2021,0.5815,0.577
00:10:01,05-Aug-2021,0.5815,0.577
00:10:01,05-Aug-2021,0.5815,0.578
00:10:01,05-Aug-2021,0.5815,0.578
00:10:01,05-Aug-2021,0.5815,0.578
00:10:01,05-Aug-2021,0.5815,0.579
00:10:01,05-Aug-2021,0.5815,0.579
00:10:01,05-Aug-2021,0.5815,0.58
00:10:01,05-Aug-2021,0.5815,0.58
00:10:01,05-Aug-2021,0.5815,0.581
00:10:01,05-Aug-2021,0.5815,0.582
00:10:01,05-Aug-2021,0.5815,0.582
00:10:01,05-Aug-2021,0.5815,0.583
00:10:01,05-Aug-2021,0.5815,0.584
00:10:01,05-Aug-2021,0.5815,0.585
00:10:01,05-Aug-2021,0.5815,0.586
00:10:01,05-Aug-2021,0.5815,0.587
00:10:01,05-Aug-2021,0.5815,0.587
00:10:01,05-Aug-2021,0.5815,0.588
00:10:01,05-Aug-2021,0.5865,0.589
00:10:01,05-Aug-2021,0.5865,0.59
00:10:01,05-Aug-2021,0.5865,0.591
00:10:01,05-Aug-2021,0.5865,0.592
00:10:01,05-Aug-2021,0.5865,0.593
00:10:01,05-Aug-2021,0.5865,0.594
00:10:01,05-Aug-2021,0.5965,0.595
00:10:01,05-Aug-2021,0.5965,0.596
00:10:01,05-Aug-2021,0.5965,0.597
00:10:01,05-Aug-2021,0.5965,0.598
00:10:01,05-Aug-2021,0.5965,0.599
00:10:01,05-Aug-2021,0.601,0.6
00:10:01,05-Aug-2021,0.601,0.601
00:10:01,05-Aug-2021,0.601,0.601
00:10:01,05-Aug-2021,0.601,0.602
00:10:01,05-Aug-2021,0.601,0.603
00:10:01,05-Aug-2021,0.601,0.604
00:10:01,05-Aug-2021,0.616,0.605
00:10:01,05-Aug-2021,0.616,0.605
00:10:01,05-Aug-2021,0.616,0.606
00:10:01,05-Aug-2021,0.616,0.607
00:10:01,05-Aug-2021,0.616,0.607
00:10:01,05-Aug-2021,0.611,0.608
00:10:01,05-Aug-2021,0.611,0.608
00:10:01,05-Aug-2021,0.611,0.609
00:10:01,05-Aug-2021,0.611,0.609
00:10:01,05-Aug-2021,0.611,0.609
00:10:01,05-Aug-2021,0.616,0.61
00:10:01,05-Aug-2021,0.616,0.61
00:10:01,05-Aug-2021,0.616,0.61
00:10:01,05-Aug-2021,0.616,0.61
00:10:01,05-Aug-2021,0.616,0.61
00:10:01,05-Aug-2021,0.616,0.61
00:10:01,05-Aug-2021,0.616,0.61
00:10:01,05-Aug-2021,0.616,0.61
00:10:01,05-Aug-2021,0.616,0.61
00:10:01,05-Aug-2021,0.616,0.61
00:10:01,05-Aug-2021,0.616,0.61
00:10:01,05-Aug-2021,0.616,0.61
00:10:01,05-Aug-2021,0.616,0.61
00:10:01,05-Aug-2021,0.616,0.609
00:10:01,05-Aug-2021,0.616,0.609
00:10:01,05-Aug-2021,0.616,0.609
00:10:01,05-Aug-2021,0.6205,0.608
00:10:01,05-Aug-2021,0.6205,0.608
00:10:01,05-Aug-2021,0.6205,0.607
00:10:01,05-Aug-2021,0.6205,0.607
00:10:01,05-Aug-2021,0.6205,0.606
00:10:01,05-Aug-2021,0.6205,0.606
00:10:01,05-Aug-2021,0.6205,0.605
00:10:01,05-Aug-2021,0.6205,0.605
00:10:01,05-Aug-2021,0.6205,0.604
00:10:01,05-Aug-2021,0.6205,0.604
00:10:01,05-Aug-2021,0.6205,0.603
00:10:01,05-Aug-2021,0.606,0.603
00:10:01,05-Aug-2021,0.606,0.602
00:10:01,05-Aug-2021,0.606,0.602
00:10:01,05-Aug-2021,0.5915,0.601
00:10:01,05-Aug-2021,0.5915,0.601
00:10:01,05-Aug-2021,0.5569999999999999,0.6
00:10:01,05-Aug-2021,0.5569999999999999,0.6
00:10:01,05-Aug-2021,0.5569999999999999,0.599
00:10:01,05-Aug-2021,0.562,0.598
00:10:01,05-Aug-2021,0.562,0.598
00:10:01,05-Aug-2021,0.562,0.597
00:10:01,05-Aug-2021,0.5765,0.597
00:10:01,05-Aug-2021,0.5765,0.597
00:10:01,05-Aug-2021,0.5765,0.596
00:10:01,05-Aug-2021,0.5815,0.596
00:10:01,05-Aug-2021,0.5815,0.595
00:10:01,05-Aug-2021,0.5865,0.595
00:10:01,05-Aug-2021,0.5865,0.595
00:10:01,05-Aug-2021,0.5865,0.594
00:10:01,05-Aug-2021,0.5865,0.594
00:10:01,05-Aug-2021,0.5815,0.594
00:10:01,05-Aug-2021,0.5815,0.593
00:10:01,05-Aug-2021,0.5815,0.593
00:10:01,05-Aug-2021,0.5765,0.593
00:10:01,05-Aug-2021,0.5765,0.593
00:10:01,05-Aug-2021,0.5815,0.592
00:10:01,05-Aug-2021,0.5815,0.592
00:10:01,05-Aug-2021,0.5815,0.592
00:10:01,05-Aug-2021,0.5865,0.592
00:10:01,05-Aug-2021,0.5865,0.592
00:10:01,05-Aug-2021,0.5865,0.592
00:10:01,05-Aug-2021,0.5965,0.592
00:10:01,05-Aug-2021,0.5965,0.592
00:10:01,05-Aug-2021,0.5965,0.591
00:10:01,05-Aug-2021,0.601,0.591
00:10:01,05-Aug-2021,0.601,0.591
00:10:01,05-Aug-2021,0.601,0.591
00:10:01,05-Aug-2021,0.611,0.591
00:10:01,05-Aug-2021,0.611,0.591
00:10:01,05-Aug-2021,0.611,0.591
00:10:01,05-Aug-2021,0.611,0.591
00:10:01,05-Aug-2021,0.611,0.591
00:10:01,05-Aug-2021,0.616,0.591
00:10:01,05-Aug-2021,0.616,0.591
00:10:01,05-Aug-2021,0.616,0.591
00:10:01,05-Aug-2021,0.616,0.591
00:10:01,05-Aug-2021,0.616,0.591
00:10:01,05-Aug-2021,0.616,0.591
00:10:01,05-Aug-2021,0.616,0.591
00:10:01,05-Aug-2021,0.616,0.591
00:10:01,05-Aug-2021,0.616,0.591
00:10:01,05-Aug-2021,0.6205,0.591
00:10:01,05-Aug-2021,0.6205,0.591
00:10:01,05-Aug-2021,0.6205,0.591
00:10:01,05-Aug-2021,0.6205,0.591
00:10:01,05-Aug-2021,0.6205,0.591
00:10:01,05-Aug-2021,0.601,0.59
00:10:01,05-Aug-2021,0.601,0.59
00:10:02,05-Aug-2021,0.601,0.59
00:10:02,05-Aug-2021,0.5815,0.59
00:10:02,05-Aug-2021,0.5815,0.59
00:10:02,05-Aug-2021,0.5569999999999999,0.59
00:10:02,05-Aug-2021,0.5569999999999999,0.59
00:10:02,05-Aug-2021,0.5569999999999999,0.59
00:10:02,05-Aug-2021,0.5569999999999999,0.589
00:10:02,05-Aug-2021,0.5569999999999999,0.589
00:10:02,05-Aug-2021,0.5569999999999999,0.589
00:10:02,05-Aug-2021,0.5720000000000001,0.589
00:10:02,05-Aug-2021,0.5720000000000001,0.589
00:10:02,05-Aug-2021,0.5720000000000001,0.589
00:10:02,05-Aug-2021,0.5720000000000001,0.588
00:10:02,05-Aug-2021,0.5720000000000001,0.588
00:10:02,05-Aug-2021,0.5765,0.588
00:10:02,05-Aug-2021,0.5765,0.588
00:10:02,05-Aug-2021,0.5765,0.587
00:10:02,05-Aug-2021,0.5720000000000001,0.587
00:10:02,05-Aug-2021,0.5720000000000001,0.587
00:10:02,05-Aug-2021,0.5720000000000001,0.587
00:10:02,05-Aug-2021,0.5720000000000001,0.587
00:10:02,05-Aug-2021,0.5720000000000001,0.586
00:10:02,05-Aug-2021,0.5720000000000001,0.586
00:10:02,05-Aug-2021,0.5720000000000001,0.586
00:10:02,05-Aug-2021,0.5720000000000001,0.586
00:10:02,05-Aug-2021,0.5720000000000001,0.585
00:10:02,05-Aug-2021,0.5765,0.585
00:10:02,05-Aug-2021,0.5765,0.585
00:10:02,05-Aug-2021,0.5765,0.585
00:10:02,05-Aug-2021,0.5765,0.584
00:10:02,05-Aug-2021,0.5765,0.584
00:10:02,05-Aug-2021,0.5815,0.584
00:10:02,05-Aug-2021,0.5815,0.584
00:10:02,05-Aug-2021,0.5815,0.583
00:10:02,05-Aug-2021,0.5965,0.583
00:10:02,05-Aug-2021,0.5965,0.583
00:10:02,05-Aug-2021,0.5965,0.583
00:10:02,05-Aug-2021,0.5965,0.583
00:10:02,05-Aug-2021,0.5965,0.582
00:10:02,05-Aug-2021,0.601,0.582
00:10:02,05-Aug-2021,0.601,0.582
00:10:02,05-Aug-2021,0.601,0.582
00:10:02,05-Aug-2021,0.606,0.581
00:10:02,05-Aug-2021,0.606,0.581
00:10:02,05-Aug-2021,0.606,0.581
00:10:02,05-Aug-2021,0.606,0.581
00:10:02,05-Aug-2021,0.606,0.581
00:10:02,05-Aug-2021,0.606,0.581
00:10:02,05-Aug-2021,0.611,0.58
00:10:02,05-Aug-2021,0.611,0.58
00:10:02,05-Aug-2021,0.611,0.58
00:10:02,05-Aug-2021,0.611,0.58
00:10:02,05-Aug-2021,0.611,0.58
00:10:02,05-Aug-2021,0.5815,0.58
00:10:02,05-Aug-2021,0.5815,0.579
00:10:02,05-Aug-2021,0.5815,0.579
00:10:02,05-Aug-2021,0.567,0.579
00:10:02,05-Aug-2021,0.567,0.579
00:10:02,05-Aug-2021,0.567,0.579
00:10:02,05-Aug-2021,0.5475,0.579
00:10:02,05-Aug-2021,0.5475,0.579
00:10:02,05-Aug-2021,0.5569999999999999,0.579
00:10:02,05-Aug-2021,0.5569999999999999,0.579
00:10:02,05-Aug-2021,0.5569999999999999,0.579
00:10:02,05-Aug-2021,0.562,0.578
00:10:02,05-Aug-2021,0.562,0.578
00:10:02,05-Aug-2021,0.562,0.578
00:10:02,05-Aug-2021,0.5720000000000001,0.578
00:10:02,05-Aug-2021,0.5720000000000001,0.578
00:10:02,05-Aug-2021,0.5720000000000001,0.578
00:10:02,05-Aug-2021,0.5720000000000001,0.578
00:10:02,05-Aug-2021,0.5720000000000001,0.578
00:10:02,05-Aug-2021,0.5720000000000001,0.578
00:10:02,05-Aug-2021,0.567,0.578
00:10:02,05-Aug-2021,0.567,0.578
00:10:02,05-Aug-2021,0.567,0.578
00:10:02,05-Aug-2021,0.567,0.579
00:10:02,05-Aug-2021,0.567,0.579
00:10:02,05-Aug-2021,0.562,0.579
00:10:02,05-Aug-2021,0.562,0.579
00:10:02,05-Aug-2021,0.562,0.579
00:10:02,05-Aug-2021,0.562,0.579
00:10:02,05-Aug-2021,0.562,0.579
00:10:02,05-Aug-2021,0.562,0.579
00:10:02,05-Aug-2021,0.5720000000000001,0.579
00:10:02,05-Aug-2021,0.5720000000000001,0.579
00:10:02,05-Aug-2021,0.5720000000000001,0.579
00:10:02,05-Aug-2021,0.5765,0.579
00:10:02,05-Aug-2021,0.5765,0.579
00:10:02,05-Aug-2021,0.5815,0.579
00:10:02,05-Aug-2021,0.5815,0.579
00:10:02,05-Aug-2021,0.5815,0.58
00:10:02,05-Aug-2021,0.5965,0.58
00:10:02,05-Aug-2021,0.5965,0.58
00:10:02,05-Aug-2021,0.5965,0.58
00:10:02,05-Aug-2021,0.601,0.58
00:10:02,05-Aug-2021,0.601,0.58
00:10:02,05-Aug-2021,0.601,0.58
00:10:02,05-Aug-2021,0.606,0.58
00:10:02,05-Aug-2021,0.606,0.58
00:10:02,05-Aug-2021,0.606,0.58
00:10:02,05-Aug-2021,0.606,0.58
00:10:02,05-Aug-2021,0.606,0.58
00:10:02,05-Aug-2021,0.611,0.58
00:10:02,05-Aug-2021,0.611,0.58
00:10:02,05-Aug-2021,0.611,0.58
00:10:02,05-Aug-2021,0.611,0.58
00:10:02,05-Aug-2021,0.611,0.58
00:10:02,05-Aug-2021,0.611,0.58
00:10:02,05-Aug-2021,0.5815,0.58
00:10:02,05-Aug-2021,0.5815,0.58
00:10:02,05-Aug-2021,0.5815,0.58
00:10:02,05-Aug-2021,0.567,0.58
00:10:02,05-Aug-2021,0.567,0.58
00:10:02,05-Aug-2021,0.567,0.58
00:10:02,05-Aug-2021,0.5525,0.58
00:10:02,05-Aug-2021,0.5525,0.58
00:10:02,05-Aug-2021,0.5525,0.58
00:10:02,05-Aug-2021,0.5525,0.58
00:10:02,05-Aug-2021,0.5525,0.579
00:10:02,05-Aug-2021,0.562,0.579
00:10:02,05-Aug-2021,0.562,0.579
00:10:02,05-Aug-2021,0.5720000000000001,0.579
00:10:02,05-Aug-2021,0.5720000000000001,0.579
00:10:02,05-Aug-2021,0.5720000000000001,0.579
00:10:02,05-Aug-2021,0.5720000000000001,0.579
00:10:02,05-Aug-2021,0.5720000000000001,0.579
00:10:02,05-Aug-2021,0.5720000000000001,0.579
00:10:02,05-Aug-2021,0.567,0.579
00:10:02,05-Aug-2021,0.567,0.579
00:10:02,05-Aug-2021,0.567,0.579
00:10:02,05-Aug-2021,0.567,0.579
00:10:02,05-Aug-2021,0.567,0.579
00:10:02,05-Aug-2021,0.567,0.579
00:10:02,05-Aug-2021,0.567,0.579
00:10:02,05-Aug-2021,0.567,0.579
00:10:02,05-Aug-2021,0.567,0.579
00:10:02,05-Aug-2021,0.567,0.579
00:10:02,05-Aug-2021,0.567,0.579
00:10:02,05-Aug-2021,0.567,0.579
00:10:02,05-Aug-2021,0.567,0.579
00:10:02,05-Aug-2021,0.567,0.579
00:10:02,05-Aug-2021,0.5765,0.579
00:10:02,05-Aug-2021,0.5765,0.579
00:10:02,05-Aug-2021,0.5765,0.579
00:10:02,05-Aug-2021,0.5815,0.579
00:10:03,05-Aug-2021,0.5815,0.579
00:10:03,05-Aug-2021,0.5815,0.579
00:10:03,05-Aug-2021,0.601,0.579
00:10:03,05-Aug-2021,0.601,0.579
00:10:03,05-Aug-2021,0.601,0.58
00:10:03,05-Aug-2021,0.606,0.58
00:10:03,05-Aug-2021,0.606,0.58
00:10:03,05-Aug-2021,0.606,0.58
00:10:03,05-Aug-2021,0.606,0.58
00:10:03,05-Aug-2021,0.606,0.58
00:10:03,05-Aug-2021,0.606,0.58
00:10:03,05-Aug-2021,0.606,0.581
00:10:03,05-Aug-2021,0.606,0.581
00:10:03,05-Aug-2021,0.611,0.581
00:10:03,05-Aug-2021,0.611,0.581
00:10:03,05-Aug-2021,0.611,0.581
00:10:03,05-Aug-2021,0.606,0.582
00:10:03,05-Aug-2021,0.606,0.582
00:10:03,05-Aug-2021,0.606,0.582
00:10:03,05-Aug-2021,0.5815,0.582
00:10:03,05-Aug-2021,0.5815,0.583
00:10:03,05-Aug-2021,0.5815,0.583
00:10:03,05-Aug-2021,0.562,0.583
00:10:03,05-Aug-2021,0.562,0.583
00:10:03,05-Aug-2021,0.5525,0.584
00:10:03,05-Aug-2021,0.5525,0.584
00:10:03,05-Aug-2021,0.5525,0.584
00:10:03,05-Aug-2021,0.5525,0.584
00:10:03,05-Aug-2021,0.5525,0.585
00:10:03,05-Aug-2021,0.5525,0.585
00:10:03,05-Aug-2021,0.562,0.585
00:10:03,05-Aug-2021,0.562,0.586
00:10:03,05-Aug-2021,0.5765,0.586
00:10:03,05-Aug-2021,0.5765,0.586
00:10:03,05-Aug-2021,0.5765,0.587
00:10:03,05-Aug-2021,0.5765,0.587
00:10:03,05-Aug-2021,0.5765,0.587
00:10:03,05-Aug-2021,0.5765,0.588
00:10:03,05-Aug-2021,0.5765,0.588
00:10:03,05-Aug-2021,0.5765,0.588
00:10:03,05-Aug-2021,0.5815,0.589
00:10:03,05-Aug-2021,0.5815,0.589
00:10:03,05-Aug-2021,0.5815,0.589
00:10:03,05-Aug-2021,0.5815,0.59
00:10:03,05-Aug-2021,0.5815,0.59
00:10:03,05-Aug-2021,0.5815,0.59
00:10:03,05-Aug-2021,0.5865,0.591
00:10:03,05-Aug-2021,0.5865,0.591
00:10:03,05-Aug-2021,0.5865,0.591
00:10:03,05-Aug-2021,0.5865,0.591
00:10:03,05-Aug-2021,0.5865,0.592
00:10:03,05-Aug-2021,0.601,0.592
00:10:03,05-Aug-2021,0.601,0.592
00:10:03,05-Aug-2021,0.601,0.593
00:10:03,05-Aug-2021,0.601,0.593
00:10:03,05-Aug-2021,0.601,0.593
00:10:03,05-Aug-2021,0.611,0.593
00:10:03,05-Aug-2021,0.611,0.593
00:10:03,05-Aug-2021,0.611,0.594
00:10:03,05-Aug-2021,0.611,0.594
00:10:03,05-Aug-2021,0.611,0.594
00:10:03,05-Aug-2021,0.611,0.594
00:10:03,05-Aug-2021,0.616,0.594
00:10:03,05-Aug-2021,0.616,0.594
00:10:03,05-Aug-2021,0.616,0.595
00:10:03,05-Aug-2021,0.616,0.595
00:10:03,05-Aug-2021,0.616,0.595
00:10:03,05-Aug-2021,0.6205,0.595
00:10:03,05-Aug-2021,0.6205,0.595
00:10:03,05-Aug-2021,0.6205,0.595
00:10:03,05-Aug-2021,0.6205,0.595
00:10:03,05-Aug-2021,0.6205,0.595
00:10:03,05-Aug-2021,0.6205,0.595
00:10:03,05-Aug-2021,0.6205,0.595
00:10:03,05-Aug-2021,0.6205,0.595
00:10:03,05-Aug-2021,0.6205,0.595
00:10:03,05-Aug-2021,0.5815,0.595
00:10:03,05-Aug-2021,0.5815,0.595
00:10:03,05-Aug-2021,0.567,0.595
00:10:03,05-Aug-2021,0.567,0.595
00:10:03,05-Aug-2021,0.567,0.595
00:10:03,05-Aug-2021,0.562,0.595
00:10:03,05-Aug-2021,0.562,0.595
00:10:03,05-Aug-2021,0.562,0.595
00:10:03,05-Aug-2021,0.5720000000000001,0.595
00:10:03,05-Aug-2021,0.5720000000000001,0.595
00:10:03,05-Aug-2021,0.5720000000000001,0.595
00:10:03,05-Aug-2021,0.5815,0.595
00:10:03,05-Aug-2021,0.5815,0.595
00:10:03,05-Aug-2021,0.5815,0.595
00:10:03,05-Aug-2021,0.5815,0.595
00:10:03,05-Aug-2021,0.5815,0.595
00:10:03,05-Aug-2021,0.5815,0.595
00:10:03,05-Aug-2021,0.5815,0.595
00:10:03,05-Aug-2021,0.5815,0.594
00:10:03,05-Aug-2021,0.5765,0.594
00:10:03,05-Aug-2021,0.5765,0.594
00:10:03,05-Aug-2021,0.5765,0.594
00:10:03,05-Aug-2021,0.5815,0.594
00:10:03,05-Aug-2021,0.5815,0.594
00:10:03,05-Aug-2021,0.5865,0.594
00:10:03,05-Aug-2021,0.5865,0.594
00:10:03,05-Aug-2021,0.5865,0.594
00:10:03,05-Aug-2021,0.5865,0.594
00:10:03,05-Aug-2021,0.5865,0.594
00:10:03,05-Aug-2021,0.5865,0.594
00:10:03,05-Aug-2021,0.601,0.594
00:10:03,05-Aug-2021,0.601,0.594
00:10:03,05-Aug-2021,0.601,0.594
00:10:03,05-Aug-2021,0.606,0.594
00:10:03,05-Aug-2021,0.606,0.594
00:10:03,05-Aug-2021,0.611,0.593
00:10:03,05-Aug-2021,0.611,0.593
00:10:03,05-Aug-2021,0.611,0.593
00:10:03,05-Aug-2021,0.611,0.593
00:10:03,05-Aug-2021,0.611,0.593
00:10:03,05-Aug-2021,0.611,0.593
00:10:03,05-Aug-2021,0.616,0.593
00:10:03,05-Aug-2021,0.616,0.593
00:10:03,05-Aug-2021,0.616,0.593
00:10:03,05-Aug-2021,0.616,0.593
00:10:03,05-Aug-2021,0.616,0.593
00:10:03,05-Aug-2021,0.616,0.593
00:10:03,05-Aug-2021,0.616,0.593
00:10:03,05-Aug-2021,0.616,0.593
00:10:03,05-Aug-2021,0.616,0.593
00:10:03,05-Aug-2021,0.6205,0.593
00:10:03,05-Aug-2021,0.6205,0.593
00:10:03,05-Aug-2021,0.6205,0.593
00:10:03,05-Aug-2021,0.6205,0.593
00:10:03,05-Aug-2021,0.6205,0.593
00:10:03,05-Aug-2021,0.5815,0.593
00:10:03,05-Aug-2021,0.5815,0.593
00:10:03,05-Aug-2021,0.5815,0.593
00:10:03,05-Aug-2021,0.567,0.593
00:10:03,05-Aug-2021,0.567,0.593
00:10:03,05-Aug-2021,0.567,0.593
00:10:03,05-Aug-2021,0.562,0.593
00:10:03,05-Aug-2021,0.562,0.593
00:10:03,05-Aug-2021,0.562,0.593
00:10:03,05-Aug-2021,0.567,0.593
00:10:03,05-Aug-2021,0.567,0.593
00:10:03,05-Aug-2021,0.567,0.593
00:10:03,05-Aug-2021,0.5815,0.593
00:10:03,05-Aug-2021,0.5815,0.593
00:10:03,05-Aug-2021,0.5815,0.593
00:10:04,05-Aug-2021,0.5815,0.593
00:10:04,05-Aug-2021,0.5815,0.593
00:10:04,05-Aug-2021,0.5815,0.593
00:10:04,05-Aug-2021,0.5815,0.593
00:10:04,05-Aug-2021,0.5815,0.593
00:10:04,05-Aug-2021,0.5815,0.593
00:10:04,05-Aug-2021,0.5815,0.593
00:10:04,05-Aug-2021,0.5815,0.594
00:10:04,05-Aug-2021,0.5815,0.594
00:10:04,05-Aug-2021,0.5815,0.594
00:10:04,05-Aug-2021,0.5815,0.594
00:10:04,05-Aug-2021,0.5865,0.594
00:10:04,05-Aug-2021,0.5865,0.594
00:10:04,05-Aug-2021,0.5865,0.594
00:10:04,05-Aug-2021,0.5915,0.594
00:10:04,05-Aug-2021,0.5915,0.594
00:10:04,05-Aug-2021,0.5915,0.594
00:10:04,05-Aug-2021,0.601,0.594
00:10:04,05-Aug-2021,0.601,0.594
00:10:04,05-Aug-2021,0.601,0.595
00:10:04,05-Aug-2021,0.606,0.595
00:10:04,05-Aug-2021,0.606,0.595
00:10:04,05-Aug-2021,0.606,0.595
00:10:04,05-Aug-2021,0.611,0.595
00:10:04,05-Aug-2021,0.611,0.595
00:10:04,05-Aug-2021,0.611,0.595
00:10:04,05-Aug-2021,0.616,0.595
00:10:04,05-Aug-2021,0.616,0.595
00:10:04,05-Aug-2021,0.611,0.595
00:10:04,05-Aug-2021,0.611,0.595
00:10:04,05-Aug-2021,0.611,0.595
00:10:04,05-Aug-2021,0.616,0.595
00:10:04,05-Aug-2021,0.616,0.595
00:10:04,05-Aug-2021,0.616,0.595
00:10:04,05-Aug-2021,0.616,0.595
00:10:04,05-Aug-2021,0.616,0.595
00:10:04,05-Aug-2021,0.616,0.595
00:10:04,05-Aug-2021,0.6205,0.595
00:10:04,05-Aug-2021,0.6205,0.595
00:10:04,05-Aug-2021,0.6205,0.595
00:10:04,05-Aug-2021,0.6205,0.595
00:10:04,05-Aug-2021,0.6205,0.595
00:10:04,05-Aug-2021,0.6205,0.594
00:10:04,05-Aug-2021,0.5815,0.594
00:10:04,05-Aug-2021,0.5815,0.594
00:10:04,05-Aug-2021,0.5815,0.594
00:10:04,05-Aug-2021,0.567,0.594
00:10:04,05-Aug-2021,0.567,0.594
00:10:04,05-Aug-2021,0.567,0.594
00:10:04,05-Aug-2021,0.562,0.594
00:10:04,05-Aug-2021,0.562,0.594
00:10:04,05-Aug-2021,0.567,0.594
00:10:04,05-Aug-2021,0.567,0.594
00:10:04,05-Aug-2021,0.567,0.593
00:10:04,05-Aug-2021,0.5720000000000001,0.593
00:10:04,05-Aug-2021,0.5720000000000001,0.593
00:10:04,05-Aug-2021,0.5720000000000001,0.593
00:10:04,05-Aug-2021,0.5815,0.593
00:10:04,05-Aug-2021,0.5815,0.593
00:10:04,05-Aug-2021,0.5815,0.593
00:10:04,05-Aug-2021,0.5815,0.593
00:10:04,05-Aug-2021,0.5815,0.593
00:10:04,05-Aug-2021,0.5815,0.593
00:10:04,05-Aug-2021,0.5815,0.592
00:10:04,05-Aug-2021,0.5815,0.592
00:10:04,05-Aug-2021,0.5815,0.592
00:10:04,05-Aug-2021,0.5815,0.592
00:10:04,05-Aug-2021,0.5815,0.592
00:10:04,05-Aug-2021,0.5865,0.592
00:10:04,05-Aug-2021,0.5865,0.592
00:10:04,05-Aug-2021,0.5865,0.592
00:10:04,05-Aug-2021,0.5865,0.592
00:10:04,05-Aug-2021,0.5865,0.592
00:10:04,05-Aug-2021,0.5865,0.592
00:10:04,05-Aug-2021,0.601,0.592
00:10:04,05-Aug-2021,0.601,0.591
00:10:04,05-Aug-2021,0.601,0.591
00:10:04,05-Aug-2021,0.601,0.591
00:10:04,05-Aug-2021,0.601,0.591
00:10:04,05-Aug-2021,0.601,0.591
00:10:04,05-Aug-2021,0.606,0.591
00:10:04,05-Aug-2021,0.606,0.591
00:10:04,05-Aug-2021,0.611,0.591
00:10:04,05-Aug-2021,0.611,0.591
00:10:04,05-Aug-2021,0.611,0.591
00:10:04,05-Aug-2021,0.616,0.591
00:10:04,05-Aug-2021,0.616,0.591
00:10:04,05-Aug-2021,0.616,0.591
00:10:04,05-Aug-2021,0.616,0.591
00:10:04,05-Aug-2021,0.616,0.591
00:10:04,05-Aug-2021,0.616,0.591
00:10:04,05-Aug-2021,0.616,0.591
00:10:04,05-Aug-2021,0.616,0.591
00:10:04,05-Aug-2021,0.6205,0.591
00:10:04,05-Aug-2021,0.6205,0.591
00:10:04,05-Aug-2021,0.6205,0.591
00:10:04,05-Aug-2021,0.616,0.59
00:10:04,05-Aug-2021,0.616,0.59
00:10:04,05-Aug-2021,0.5765,0.59
00:10:04,05-Aug-2021,0.5765,0.59
00:10:04,05-Aug-2021,0.5765,0.591
00:10:04,05-Aug-2021,0.567,0.591
00:10:04,05-Aug-2021,0.567,0.591
00:10:04,05-Aug-2021,0.567,0.591
00:10:04,05-Aug-2021,0.5569999999999999,0.591
00:10:04,05-Aug-2021,0.5569999999999999,0.591
00:10:04,05-Aug-2021,0.5569999999999999,0.591
00:10:04,05-Aug-2021,0.567,0.591
00:10:04,05-Aug-2021,0.567,0.591
00:10:04,05-Aug-2021,0.567,0.591
00:10:04,05-Aug-2021,0.5720000000000001,0.591
00:10:04,05-Aug-2021,0.5720000000000001,0.591
00:10:04,05-Aug-2021,0.5815,0.591
00:10:04,05-Aug-2021,0.5815,0.591
00:10:04,05-Aug-2021,0.5815,0.591
00:10:04,05-Aug-2021,0.5815,0.591
00:10:04,05-Aug-2021,0.5815,0.591
00:10:04,05-Aug-2021,0.5815,0.592
00:10:04,05-Aug-2021,0.5765,0.592
00:10:04,05-Aug-2021,0.5765,0.592
00:10:04,05-Aug-2021,0.5765,0.592
00:10:04,05-Aug-2021,0.5815,0.592
00:10:04,05-Aug-2021,0.5815,0.592
00:10:04,05-Aug-2021,0.5815,0.592
00:10:04,05-Aug-2021,0.5865,0.592
00:10:04,05-Aug-2021,0.5865,0.592
00:10:04,05-Aug-2021,0.5865,0.593
00:10:04,05-Aug-2021,0.5915,0.593
00:10:04,05-Aug-2021,0.5915,0.593
00:10:04,05-Aug-2021,0.5915,0.593
00:10:04,05-Aug-2021,0.5915,0.593
00:10:04,05-Aug-2021,0.5915,0.593
00:10:04,05-Aug-2021,0.5915,0.593
00:10:04,05-Aug-2021,0.606,0.593
00:10:04,05-Aug-2021,0.606,0.593
00:10:04,05-Aug-2021,0.606,0.593
00:10:04,05-Aug-2021,0.606,0.594
00:10:04,05-Aug-2021,0.606,0.594
00:10:04,05-Aug-2021,0.606,0.594
00:10:04,05-Aug-2021,0.611,0.594
00:10:04,05-Aug-2021,0.611,0.594
00:10:04,05-Aug-2021,0.616,0.594
00:10:04,05-Aug-2021,0.616,0.594
00:10:04,05-Aug-2021,0.616,0.594
00:10:04,05-Aug-2021,0.616,0.594
00:10:04,05-Aug-2021,0.616,0.594
00:10:04,05-Aug-2021,0.616,0.594
00:10:04,05-Aug-2021,0.616,0.594
00:10:04,05-Aug-2021,0.616,0.594
00:10:05,05-Aug-2021,0.616,0.594
00:10:05,05-Aug-2021,0.6205,0.594
00:10:05,05-Aug-2021,0.6205,0.594
00:10:05,05-Aug-2021,0.6205,0.594
00:10:05,05-Aug-2021,0.616,0.594
00:10:05,05-Aug-2021,0.616,0.594
00:10:05,05-Aug-2021,0.616,0.594
00:10:05,05-Aug-2021,0.606,0.594
00:10:05,05-Aug-2021,0.606,0.594
00:10:05,05-Aug-2021,0.606,0.594
00:10:05,05-Aug-2021,0.562,0.593
00:10:05,05-Aug-2021,0.562,0.593
00:10:05,05-Aug-2021,0.562,0.593
00:10:05,05-Aug-2021,0.5569999999999999,0.593
00:10:05,05-Aug-2021,0.5569999999999999,0.593
00:10:05,05-Aug-2021,0.5569999999999999,0.593
00:10:05,05-Aug-2021,0.5720000000000001,0.593
00:10:05,05-Aug-2021,0.5720000000000001,0.593
00:10:05,05-Aug-2021,0.5720000000000001,0.593
00:10:05,05-Aug-2021,0.5765,0.593
00:10:05,05-Aug-2021,0.5765,0.593
00:10:05,05-Aug-2021,0.5815,0.593
00:10:05,05-Aug-2021,0.5815,0.593
00:10:05,05-Aug-2021,0.5815,0.593
00:10:05,05-Aug-2021,0.5815,0.593
00:10:05,05-Aug-2021,0.5815,0.593
00:10:05,05-Aug-2021,0.5815,0.593
00:10:05,05-Aug-2021,0.5765,0.593
00:10:05,05-Aug-2021,0.5765,0.593
00:10:05,05-Aug-2021,0.5765,0.593
00:10:05,05-Aug-2021,0.5765,0.593
00:10:05,05-Aug-2021,0.5765,0.593
00:10:05,05-Aug-2021,0.5765,0.593
00:10:05,05-Aug-2021,0.5815,0.593
00:10:05,05-Aug-2021,0.5815,0.593
00:10:05,05-Aug-2021,0.5815,0.593
00:10:05,05-Aug-2021,0.5915,0.593
00:10:05,05-Aug-2021,0.5915,0.593
00:10:05,05-Aug-2021,0.5915,0.593
00:10:05,05-Aug-2021,0.5915,0.593
00:10:05,05-Aug-2021,0.5915,0.593
00:10:05,05-Aug-2021,0.5915,0.593
00:10:05,05-Aug-2021,0.606,0.593
00:10:05,05-Aug-2021,0.606,0.593
00:10:05,05-Aug-2021,0.606,0.593
00:10:05,05-Aug-2021,0.606,0.593
00:10:05,05-Aug-2021,0.606,0.593
00:10:05,05-Aug-2021,0.606,0.593
00:10:05,05-Aug-2021,0.606,0.593
00:10:05,05-Aug-2021,0.611,0.593
00:10:05,05-Aug-2021,0.611,0.593
00:10:05,05-Aug-2021,0.611,0.593
00:10:05,05-Aug-2021,0.616,0.593
00:10:05,05-Aug-2021,0.616,0.593
00:10:05,05-Aug-2021,0.616,0.593
00:10:05,05-Aug-2021,0.616,0.593
00:10:05,05-Aug-2021,0.616,0.593
00:10:05,05-Aug-2021,0.616,0.593
00:10:05,05-Aug-2021,0.616,0.593
00:10:05,05-Aug-2021,0.616,0.593
00:10:05,05-Aug-2021,0.616,0.593
00:10:05,05-Aug-2021,0.6205,0.593
00:10:05,05-Aug-2021,0.6205,0.594
00:10:05,05-Aug-2021,0.616,0.594
00:10:05,05-Aug-2021,0.616,0.594
00:10:05,05-Aug-2021,0.616,0.594
00:10:05,05-Aug-2021,0.606,0.594
00:10:05,05-Aug-2021,0.606,0.594
00:10:05,05-Aug-2021,0.606,0.594
00:10:05,05-Aug-2021,0.562,0.594
00:10:05,05-Aug-2021,0.562,0.594
00:10:05,05-Aug-2021,0.562,0.594
00:10:05,05-Aug-2021,0.5569999999999999,0.594
00:10:05,05-Aug-2021,0.5569999999999999,0.594
00:10:05,05-Aug-2021,0.5569999999999999,0.594
00:10:05,05-Aug-2021,0.567,0.594
00:10:05,05-Aug-2021,0.567,0.594
00:10:05,05-Aug-2021,0.5720000000000001,0.594
00:10:05,05-Aug-2021,0.5720000000000001,0.594
00:10:05,05-Aug-2021,0.5720000000000001,0.594
00:10:05,05-Aug-2021,0.5815,0.594
00:10:05,05-Aug-2021,0.5815,0.594
00:10:05,05-Aug-2021,0.5815,0.594
00:10:05,05-Aug-2021,0.5815,0.594
00:10:05,05-Aug-2021,0.5815,0.594
00:10:05,05-Aug-2021,0.5765,0.594
00:10:05,05-Aug-2021,0.5765,0.594
00:10:05,05-Aug-2021,0.5765,0.594
00:10:05,05-Aug-2021,0.5815,0.594
00:10:05,05-Aug-2021,0.5815,0.594
00:10:05,05-Aug-2021,0.5815,0.594
00:10:05,05-Aug-2021,0.5815,0.594
00:10:05,05-Aug-2021,0.5815,0.594
00:10:05,05-Aug-2021,0.5915,0.594
00:10:05,05-Aug-2021,0.5915,0.594
00:10:05,05-Aug-2021,0.5915,0.594
00:10:05,05-Aug-2021,0.5915,0.594
00:10:05,05-Aug-2021,0.5915,0.594
00:10:05,05-Aug-2021,0.5915,0.594
00:10:05,05-Aug-2021,0.606,0.594
00:10:05,05-Aug-2021,0.606,0.594
00:10:05,05-Aug-2021,0.606,0.594
00:10:05,05-Aug-2021,0.606,0.594
00:10:05,05-Aug-2021,0.606,0.594
00:10:05,05-Aug-2021,0.616,0.594
00:10:05,05-Aug-2021,0.616,0.594
00:10:05,05-Aug-2021,0.616,0.594
00:10:05,05-Aug-2021,0.616,0.594
00:10:05,05-Aug-2021,0.616,0.594
00:10:05,05-Aug-2021,0.616,0.594
00:10:05,05-Aug-2021,0.616,0.594
00:10:05,05-Aug-2021,0.616,0.594
00:10:05,05-Aug-2021,0.616,0.594
00:10:05,05-Aug-2021,0.616,0.594
00:10:05,05-Aug-2021,0.616,0.594
00:10:05,05-Aug-2021,0.616,0.594
00:10:05,05-Aug-2021,0.616,0.594
00:10:05,05-Aug-2021,0.6205,0.594
00:10:05,05-Aug-2021,0.6205,0.594
00:10:05,05-Aug-2021,0.616,0.594
00:10:05,05-Aug-2021,0.616,0.594
00:10:05,05-Aug-2021,0.616,0.593
00:10:05,05-Aug-2021,0.606,0.593
00:10:05,05-Aug-2021,0.606,0.593
00:10:05,05-Aug-2021,0.606,0.593
00:10:05,05-Aug-2021,0.606,0.593
00:10:05,05-Aug-2021,0.562,0.593
00:10:05,05-Aug-2021,0.562,0.593
00:10:05,05-Aug-2021,0.5569999999999999,0.593
00:10:05,05-Aug-2021,0.5569999999999999,0.593
00:10:05,05-Aug-2021,0.5569999999999999,0.593
00:10:05,05-Aug-2021,0.5569999999999999,0.593
00:10:05,05-Aug-2021,0.567,0.593
00:10:05,05-Aug-2021,0.567,0.593
00:10:05,05-Aug-2021,0.567,0.593
00:10:05,05-Aug-2021,0.5765,0.593
00:10:05,05-Aug-2021,0.5765,0.593
00:10:05,05-Aug-2021,0.5765,0.592
00:10:05,05-Aug-2021,0.5815,0.592
00:10:05,05-Aug-2021,0.5815,0.592
00:10:05,05-Aug-2021,0.5815,0.592
00:10:05,05-Aug-2021,0.5815,0.592
00:10:05,05-Aug-2021,0.5815,0.592
00:10:05,05-Aug-2021,0.5815,0.592
00:10:05,05-Aug-2021,0.5815,0.592
00:10:05,05-Aug-2021,0.5815,0.592
00:10:05,05-Aug-2021,0.5815,0.592
00:10:05,05-Aug-2021,0.5815,0.592
00:10:05,05-Aug-2021,0.5815,0.592
00:10:05,05-Aug-2021,0.5815,0.593
00:10:05,05-Aug-2021,0.5815,0.593
00:10:05,05-Aug-2021,0.5815,0.593
00:10:05,05-Aug-2021,0.5915,0.593
00:10:06,05-Aug-2021,0.5915,0.593
00:10:06,05-Aug-2021,0.5915,0.593
00:10:06,05-Aug-2021,0.5915,0.593
00:10:06,05-Aug-2021,0.5915,0.593
00:10:06,05-Aug-2021,0.5915,0.593
00:10:06,05-Aug-2021,0.5915,0.593
00:10:06,05-Aug-2021,0.606,0.593
00:10:06,05-Aug-2021,0.606,0.593
00:10:06,05-Aug-2021,0.611,0.593
00:10:06,05-Aug-2021,0.611,0.593
00:10:06,05-Aug-2021,0.611,0.593
00:10:06,05-Aug-2021,0.611,0.593
00:10:06,05-Aug-2021,0.611,0.593
00:10:06,05-Aug-2021,0.611,0.593
00:10:06,05-Aug-2021,0.611,0.593
00:10:06,05-Aug-2021,0.616,0.593
00:10:06,05-Aug-2021,0.616,0.594
00:10:06,05-Aug-2021,0.616,0.594
00:10:06,05-Aug-2021,0.616,0.594
00:10:06,05-Aug-2021,0.616,0.594
00:10:06,05-Aug-2021,0.616,0.594
00:10:06,05-Aug-2021,0.616,0.594
00:10:06,05-Aug-2021,0.616,0.594
00:10:06,05-Aug-2021,0.6205,0.594
00:10:06,05-Aug-2021,0.6205,0.594
00:10:06,05-Aug-2021,0.6205,0.594
00:10:06,05-Aug-2021,0.616,0.594
00:10:06,05-Aug-2021,0.616,0.594
00:10:06,05-Aug-2021,0.616,0.594
00:10:06,05-Aug-2021,0.606,0.594
00:10:06,05-Aug-2021,0.606,0.594
00:10:06,05-Aug-2021,0.562,0.594
00:10:06,05-Aug-2021,0.562,0.594
00:10:06,05-Aug-2021,0.562,0.594
00:10:06,05-Aug-2021,0.5569999999999999,0.594
00:10:06,05-Aug-2021,0.5569999999999999,0.594
00:10:06,05-Aug-2021,0.5569999999999999,0.594
00:10:06,05-Aug-2021,0.5720000000000001,0.594
00:10:06,05-Aug-2021,0.5720000000000001,0.594
00:10:06,05-Aug-2021,0.5720000000000001,0.594
00:10:06,05-Aug-2021,0.5765,0.594
00:10:06,05-Aug-2021,0.5765,0.594
00:10:06,05-Aug-2021,0.5765,0.594
00:10:06,05-Aug-2021,0.5765,0.594
00:10:06,05-Aug-2021,0.5765,0.594
00:10:06,05-Aug-2021,0.5765,0.594
00:10:06,05-Aug-2021,0.5815,0.594
00:10:06,05-Aug-2021,0.5815,0.594
00:10:06,05-Aug-2021,0.5815,0.594
00:10:06,05-Aug-2021,0.5815,0.594
00:10:06,05-Aug-2021,0.5815,0.594
00:10:06,05-Aug-2021,0.5815,0.594
00:10:06,05-Aug-2021,0.5815,0.594
00:10:06,05-Aug-2021,0.5815,0.594
00:10:06,05-Aug-2021,0.5815,0.594
00:10:06,05-Aug-2021,0.5815,0.594
00:10:06,05-Aug-2021,0.5915,0.594
00:10:06,05-Aug-2021,0.5915,0.594
00:10:06,05-Aug-2021,0.5915,0.594
00:10:06,05-Aug-2021,0.5915,0.594
00:10:06,05-Aug-2021,0.5965,0.594
00:10:06,05-Aug-2021,0.5965,0.594
00:10:06,05-Aug-2021,0.606,0.594
00:10:06,05-Aug-2021,0.606,0.594
00:10:06,05-Aug-2021,0.606,0.594
00:10:06,05-Aug-2021,0.611,0.594
00:10:06,05-Aug-2021,0.611,0.594
00:10:06,05-Aug-2021,0.611,0.594
00:10:06,05-Aug-2021,0.616,0.594
00:10:06,05-Aug-2021,0.616,0.594
00:10:06,05-Aug-2021,0.616,0.594
00:10:06,05-Aug-2021,0.616,0.594
00:10:06,05-Aug-2021,0.616,0.594
00:10:06,05-Aug-2021,0.616,0.594
00:10:06,05-Aug-2021,0.616,0.594
00:10:06,05-Aug-2021,0.616,0.594
00:10:06,05-Aug-2021,0.616,0.594
00:10:06,05-Aug-2021,0.6205,0.594
00:10:06,05-Aug-2021,0.6205,0.594
00:10:06,05-Aug-2021,0.6205,0.594
00:10:06,05-Aug-2021,0.6205,0.594
00:10:06,05-Aug-2021,0.6205,0.594
00:10:06,05-Aug-2021,0.6205,0.594
00:10:06,05-Aug-2021,0.616,0.594
00:10:06,05-Aug-2021,0.616,0.594
00:10:06,05-Aug-2021,0.606,0.593
00:10:06,05-Aug-2021,0.606,0.593
00:10:06,05-Aug-2021,0.606,0.593
00:10:06,05-Aug-2021,0.562,0.593
00:10:06,05-Aug-2021,0.562,0.593
00:10:06,05-Aug-2021,0.562,0.593
00:10:06,05-Aug-2021,0.5569999999999999,0.593
00:10:06,05-Aug-2021,0.5569999999999999,0.593
00:10:06,05-Aug-2021,0.5569999999999999,0.593
00:10:06,05-Aug-2021,0.562,0.593
00:10:06,05-Aug-2021,0.562,0.593
00:10:06,05-Aug-2021,0.5720000000000001,0.593
00:10:06,05-Aug-2021,0.5720000000000001,0.593
00:10:06,05-Aug-2021,0.5720000000000001,0.593
00:10:06,05-Aug-2021,0.5720000000000001,0.593
00:10:06,05-Aug-2021,0.5765,0.593
00:10:06,05-Aug-2021,0.5765,0.593
00:10:06,05-Aug-2021,0.5765,0.593
00:10:06,05-Aug-2021,0.5815,0.593
00:10:06,05-Aug-2021,0.5815,0.593
00:10:06,05-Aug-2021,0.5815,0.593
00:10:06,05-Aug-2021,0.5815,0.593
00:10:06,05-Aug-2021,0.5815,0.593
00:10:06,05-Aug-2021,0.5815,0.593
00:10:06,05-Aug-2021,0.5815,0.593
00:10:06,05-Aug-2021,0.5815,0.593
00:10:06,05-Aug-2021,0.5815,0.593
00:10:06,05-Aug-2021,0.5815,0.593
00:10:06,05-Aug-2021,0.5915,0.593
00:10:06,05-Aug-2021,0.5915,0.593
00:10:06,05-Aug-2021,0.5915,0.593
00:10:06,05-Aug-2021,0.5965,0.593
00:10:06,05-Aug-2021,0.5965,0.593
00:10:06,05-Aug-2021,0.5965,0.593
00:10:06,05-Aug-2021,0.5965,0.593
00:10:06,05-Aug-2021,0.5965,0.593
00:10:06,05-Aug-2021,0.5965,0.593
00:10:06,05-Aug-2021,0.611,0.593
00:10:06,05-Aug-2021,0.611,0.594
00:10:06,05-Aug-2021,0.611,0.594
00:10:06,05-Aug-2021,0.611,0.594
00:10:06,05-Aug-2021,0.611,0.594
00:10:06,05-Aug-2021,0.616,0.594
00:10:06,05-Aug-2021,0.616,0.594
00:10:06,05-Aug-2021,0.616,0.594
00:10:06,05-Aug-2021,0.616,0.594
00:10:06,05-Aug-2021,0.616,0.594
00:10:06,05-Aug-2021,0.616,0.594
00:10:06,05-Aug-2021,0.616,0.594
00:10:06,05-Aug-2021,0.616,0.594
00:10:06,05-Aug-2021,0.616,0.594
00:10:06,05-Aug-2021,0.6205,0.594
00:10:06,05-Aug-2021,0.6205,0.594
00:10:06,05-Aug-2021,0.6205,0.594
00:10:06,05-Aug-2021,0.616,0.594
00:10:06,05-Aug-2021,0.616,0.594
00:10:06,05-Aug-2021,0.616,0.594
00:10:06,05-Aug-2021,0.606,0.594
00:10:06,05-Aug-2021,0.606,0.594
00:10:06,05-Aug-2021,0.5865,0.594
00:10:06,05-Aug-2021,0.5865,0.594
00:10:06,05-Aug-2021,0.5865,0.594
00:10:06,05-Aug-2021,0.5569999999999999,0.594
00:10:06,05-Aug-2021,0.5569999999999999,0.594
00:10:07,05-Aug-2021,0.5569999999999999,0.594
00:10:07,05-Aug-2021,0.562,0.594
00:10:07,05-Aug-2021,0.562,0.594
00:10:07,05-Aug-2021,0.562,0.594
00:10:07,05-Aug-2021,0.5765,0.594
00:10:07,05-Aug-2021,0.5765,0.594
00:10:07,05-Aug-2021,0.5765,0.594
00:10:07,05-Aug-2021,0.5765,0.594
00:10:07,05-Aug-2021,0.5765,0.594
00:10:07,05-Aug-2021,0.5815,0.594
00:10:07,05-Aug-2021,0.5815,0.594
00:10:07,05-Aug-2021,0.5815,0.594
00:10:07,05-Aug-2021,0.5815,0.594
00:10:07,05-Aug-2021,0.5815,0.594
00:10:07,05-Aug-2021,0.5815,0.594
00:10:07,05-Aug-2021,0.5815,0.594
00:10:07,05-Aug-2021,0.5815,0.594
00:10:07,05-Aug-2021,0.5815,0.594
00:10:07,05-Aug-2021,0.5865,0.594
00:10:07,05-Aug-2021,0.5865,0.594
00:10:07,05-Aug-2021,0.5865,0.594
00:10:07,05-Aug-2021,0.5865,0.594
00:10:07,05-Aug-2021,0.5865,0.594
00:10:07,05-Aug-2021,0.5865,0.594
00:10:07,05-Aug-2021,0.5965,0.594
00:10:07,05-Aug-2021,0.5965,0.594
00:10:07,05-Aug-2021,0.5965,0.594
00:10:07,05-Aug-2021,0.5965,0.594
00:10:07,05-Aug-2021,0.5965,0.594
00:10:07,05-Aug-2021,0.5965,0.594
00:10:07,05-Aug-2021,0.611,0.594
00:10:07,05-Aug-2021,0.611,0.594
00:10:07,05-Aug-2021,0.611,0.594
00:10:07,05-Aug-2021,0.611,0.594
00:10:07,05-Aug-2021,0.611,0.594
00:10:07,05-Aug-2021,0.616,0.594
00:10:07,05-Aug-2021,0.616,0.594
00:10:07,05-Aug-2021,0.616,0.594
00:10:07,05-Aug-2021,0.616,0.594
00:10:07,05-Aug-2021,0.616,0.594
00:10:07,05-Aug-2021,0.616,0.594
00:10:07,05-Aug-2021,0.616,0.594
00:10:07,05-Aug-2021,0.616,0.594
00:10:07,05-Aug-2021,0.616,0.594
00:10:07,05-Aug-2021,0.6205,0.595
00:10:07,05-Aug-2021,0.6205,0.595
00:10:07,05-Aug-2021,0.6255,0.595
00:10:07,05-Aug-2021,0.6255,0.595
00:10:07,05-Aug-2021,0.6255,0.595
00:10:07,05-Aug-2021,0.601,0.595
00:10:07,05-Aug-2021,0.601,0.595
00:10:07,05-Aug-2021,0.5865,0.595
00:10:07,05-Aug-2021,0.5865,0.595
00:10:07,05-Aug-2021,0.5865,0.595
00:10:07,05-Aug-2021,0.5569999999999999,0.595
00:10:07,05-Aug-2021,0.5569999999999999,0.595
00:10:07,05-Aug-2021,0.5569999999999999,0.595
00:10:07,05-Aug-2021,0.562,0.595
00:10:07,05-Aug-2021,0.562,0.595
00:10:07,05-Aug-2021,0.5765,0.595
00:10:07,05-Aug-2021,0.5765,0.595
00:10:07,05-Aug-2021,0.5765,0.595
00:10:07,05-Aug-2021,0.5815,0.595
00:10:07,05-Aug-2021,0.5815,0.595
00:10:07,05-Aug-2021,0.5815,0.595
00:10:07,05-Aug-2021,0.5815,0.595
00:10:07,05-Aug-2021,0.5815,0.595
00:10:07,05-Aug-2021,0.5815,0.595
00:10:07,05-Aug-2021,0.5765,0.595
00:10:07,05-Aug-2021,0.5765,0.595
00:10:07,05-Aug-2021,0.5765,0.595
00:10:07,05-Aug-2021,0.5815,0.595
00:10:07,05-Aug-2021,0.5815,0.595
00:10:07,05-Aug-2021,0.5865,0.595
00:10:07,05-Aug-2021,0.5865,0.595
00:10:07,05-Aug-2021,0.5865,0.595
00:10:07,05-Aug-2021,0.5865,0.595
00:10:07,05-Aug-2021,0.5865,0.595
00:10:07,05-Aug-2021,0.5865,0.595
00:10:07,05-Aug-2021,0.5965,0.595
00:10:07,05-Aug-2021,0.5965,0.595
00:10:07,05-Aug-2021,0.601,0.595
00:10:07,05-Aug-2021,0.601,0.595
00:10:07,05-Aug-2021,0.601,0.595
00:10:07,05-Aug-2021,0.611,0.595
00:10:07,05-Aug-2021,0.611,0.594
00:10:07,05-Aug-2021,0.611,0.594
00:10:07,05-Aug-2021,0.611,0.594
00:10:07,05-Aug-2021,0.611,0.594
00:10:07,05-Aug-2021,0.616,0.594
00:10:07,05-Aug-2021,0.616,0.594
00:10:07,05-Aug-2021,0.616,0.594
00:10:07,05-Aug-2021,0.616,0.594
00:10:07,05-Aug-2021,0.616,0.594
00:10:07,05-Aug-2021,0.616,0.594
00:10:07,05-Aug-2021,0.616,0.594
00:10:07,05-Aug-2021,0.616,0.594
00:10:07,05-Aug-2021,0.616,0.594
00:10:07,05-Aug-2021,0.6205,0.594
00:10:07,05-Aug-2021,0.6205,0.594
00:10:07,05-Aug-2021,0.6205,0.594
00:10:07,05-Aug-2021,0.6205,0.594
00:10:07,05-Aug-2021,0.6205,0.594
00:10:07,05-Aug-2021,0.606,0.593
00:10:07,05-Aug-2021,0.606,0.593
00:10:07,05-Aug-2021,0.606,0.593
00:10:07,05-Aug-2021,0.5815,0.593
00:10:07,05-Aug-2021,0.5815,0.593
00:10:07,05-Aug-2021,0.5815,0.593
00:10:07,05-Aug-2021,0.5569999999999999,0.593
00:10:07,05-Aug-2021,0.5569999999999999,0.593
00:10:07,05-Aug-2021,0.5569999999999999,0.593
00:10:07,05-Aug-2021,0.562,0.593
00:10:07,05-Aug-2021,0.562,0.593
00:10:07,05-Aug-2021,0.562,0.593
00:10:07,05-Aug-2021,0.5765,0.593
00:10:07,05-Aug-2021,0.5765,0.593
00:10:07,05-Aug-2021,0.5765,0.593
00:10:07,05-Aug-2021,0.5765,0.593
00:10:07,05-Aug-2021,0.5765,0.593
00:10:07,05-Aug-2021,0.5815,0.593
00:10:07,05-Aug-2021,0.5815,0.593
00:10:07,05-Aug-2021,0.5815,0.593
00:10:07,05-Aug-2021,0.5765,0.593
00:10:07,05-Aug-2021,0.5765,0.593
00:10:07,05-Aug-2021,0.5765,0.593
00:10:07,05-Aug-2021,0.5815,0.593
00:10:07,05-Aug-2021,0.5815,0.593
00:10:07,05-Aug-2021,0.5815,0.593
00:10:07,05-Aug-2021,0.5815,0.593
00:10:07,05-Aug-2021,0.5815,0.593
00:10:07,05-Aug-2021,0.5815,0.593
00:10:07,05-Aug-2021,0.5865,0.593
00:10:07,05-Aug-2021,0.5865,0.593
00:10:07,05-Aug-2021,0.5865,0.593
00:10:07,05-Aug-2021,0.5965,0.593
00:10:07,05-Aug-2021,0.5965,0.593
00:10:07,05-Aug-2021,0.601,0.593
00:10:07,05-Aug-2021,0.601,0.593
00:10:07,05-Aug-2021,0.601,0.593
00:10:07,05-Aug-2021,0.611,0.593
00:10:07,05-Aug-2021,0.611,0.593
00:10:07,05-Aug-2021,0.611,0.593
00:10:07,05-Aug-2021,0.611,0.593
00:10:07,05-Aug-2021,0.611,0.593
00:10:07,05-Aug-2021,0.611,0.593
00:10:08,05-Aug-2021,0.616,0.593
00:10:08,05-Aug-2021,0.616,0.593
00:10:08,05-Aug-2021,0.616,0.593
00:10:08,05-Aug-2021,0.611,0.593
00:10:08,05-Aug-2021,0.611,0.593
00:10:08,05-Aug-2021,0.611,0.593
00:10:08,05-Aug-2021,0.616,0.593
00:10:08,05-Aug-2021,0.616,0.593
00:10:08,05-Aug-2021,0.6205,0.593
00:10:08,05-Aug-2021,0.6205,0.593
00:10:08,05-Aug-2021,0.6205,0.593
00:10:08,05-Aug-2021,0.6205,0.593
00:10:08,05-Aug-2021,0.6205,0.593
00:10:08,05-Aug-2021,0.6205,0.593
00:10:08,05-Aug-2021,0.5965,0.593
00:10:08,05-Aug-2021,0.5965,0.593
00:10:08,05-Aug-2021,0.5865,0.593
00:10:08,05-Aug-2021,0.5865,0.593
00:10:08,05-Aug-2021,0.5865,0.593
00:10:08,05-Aug-2021,0.5569999999999999,0.593
00:10:08,05-Aug-2021,0.5569999999999999,0.593
00:10:08,05-Aug-2021,0.5569999999999999,0.593
00:10:08,05-Aug-2021,0.562,0.593
00:10:08,05-Aug-2021,0.562,0.593
00:10:08,05-Aug-2021,0.562,0.593
00:10:08,05-Aug-2021,0.5765,0.593
00:10:08,05-Aug-2021,0.5765,0.593
00:10:08,05-Aug-2021,0.5765,0.593
00:10:08,05-Aug-2021,0.5765,0.593
00:10:08,05-Aug-2021,0.5765,0.593
00:10:08,05-Aug-2021,0.5765,0.593
00:10:08,05-Aug-2021,0.5765,0.593
00:10:08,05-Aug-2021,0.5765,0.593
00:10:08,05-Aug-2021,0.5765,0.593
00:10:08,05-Aug-2021,0.5765,0.593
00:10:08,05-Aug-2021,0.5765,0.593
00:10:08,05-Aug-2021,0.5765,0.593
00:10:08,05-Aug-2021,0.5765,0.593
00:10:08,05-Aug-2021,0.5815,0.593
00:10:08,05-Aug-2021,0.5815,0.593
00:10:08,05-Aug-2021,0.5815,0.593
00:10:08,05-Aug-2021,0.5815,0.593
00:10:08,05-Aug-2021,0.5865,0.593
00:10:08,05-Aug-2021,0.5865,0.593
00:10:08,05-Aug-2021,0.5965,0.593
00:10:08,05-Aug-2021,0.5965,0.593
00:10:08,05-Aug-2021,0.5965,0.593
00:10:08,05-Aug-2021,0.5965,0.593
00:10:08,05-Aug-2021,0.5965,0.593
00:10:08,05-Aug-2021,0.5965,0.593
00:10:08,05-Aug-2021,0.611,0.593
00:10:08,05-Aug-2021,0.611,0.593
00:10:08,05-Aug-2021,0.611,0.593
00:10:08,05-Aug-2021,0.611,0.593
00:10:08,05-Aug-2021,0.611,0.593
00:10:08,05-Aug-2021,0.611,0.593
00:10:08,05-Aug-2021,0.611,0.593
00:10:08,05-Aug-2021,0.611,0.593
00:10:08,05-Aug-2021,0.611,0.593
00:10:08,05-Aug-2021,0.616,0.593
00:10:08,05-Aug-2021,0.616,0.593
00:10:08,05-Aug-2021,0.616,0.593
00:10:08,05-Aug-2021,0.616,0.593
00:10:08,05-Aug-2021,0.616,0.593
00:10:08,05-Aug-2021,0.616,0.593
00:10:08,05-Aug-2021,0.6205,0.592
00:10:08,05-Aug-2021,0.6205,0.592
00:10:08,05-Aug-2021,0.6205,0.592
00:10:08,05-Aug-2021,0.6205,0.592
00:10:08,05-Aug-2021,0.6205,0.592
00:10:08,05-Aug-2021,0.6205,0.592
00:10:08,05-Aug-2021,0.5965,0.592
00:10:08,05-Aug-2021,0.5965,0.592
00:10:08,05-Aug-2021,0.5965,0.592
00:10:08,05-Aug-2021,0.5815,0.592
00:10:08,05-Aug-2021,0.5815,0.592
00:10:08,05-Aug-2021,0.5569999999999999,0.592
00:10:08,05-Aug-2021,0.5569999999999999,0.592
00:10:08,05-Aug-2021,0.5569999999999999,0.592
00:10:08,05-Aug-2021,0.5569999999999999,0.592
00:10:08,05-Aug-2021,0.567,0.592
00:10:08,05-Aug-2021,0.567,0.592
00:10:08,05-Aug-2021,0.567,0.592
00:10:08,05-Aug-2021,0.567,0.591
00:10:08,05-Aug-2021,0.567,0.591
00:10:08,05-Aug-2021,0.567,0.591
00:10:08,05-Aug-2021,0.5815,0.591
00:10:08,05-Aug-2021,0.5815,0.591
00:10:08,05-Aug-2021,0.5815,0.591
00:10:08,05-Aug-2021,0.5815,0.591
00:10:08,05-Aug-2021,0.5815,0.592
00:10:08,05-Aug-2021,0.5815,0.592
00:10:08,05-Aug-2021,0.5765,0.592
00:10:08,05-Aug-2021,0.5765,0.592
00:10:08,05-Aug-2021,0.5765,0.592
00:10:08,05-Aug-2021,0.5765,0.592
00:10:08,05-Aug-2021,0.5765,0.592
00:10:08,05-Aug-2021,0.5815,0.592
00:10:08,05-Aug-2021,0.5815,0.592
00:10:08,05-Aug-2021,0.5815,0.592
00:10:08,05-Aug-2021,0.5815,0.592
00:10:08,05-Aug-2021,0.5865,0.592
00:10:08,05-Aug-2021,0.5865,0.592
00:10:08,05-Aug-2021,0.5965,0.592
00:10:08,05-Aug-2021,0.5965,0.592
00:10:08,05-Aug-2021,0.5965,0.592
00:10:08,05-Aug-2021,0.5965,0.593
00:10:08,05-Aug-2021,0.601,0.593
00:10:08,05-Aug-2021,0.601,0.593
00:10:08,05-Aug-2021,0.601,0.593
00:10:08,05-Aug-2021,0.601,0.593
00:10:08,05-Aug-2021,0.601,0.593
00:10:08,05-Aug-2021,0.601,0.593
00:10:08,05-Aug-2021,0.611,0.593
00:10:08,05-Aug-2021,0.611,0.593
00:10:08,05-Aug-2021,0.611,0.593
00:10:08,05-Aug-2021,0.611,0.593
00:10:08,05-Aug-2021,0.611,0.593
00:10:08,05-Aug-2021,0.611,0.593
00:10:08,05-Aug-2021,0.616,0.593
00:10:08,05-Aug-2021,0.616,0.593
00:10:08,05-Aug-2021,0.616,0.594
00:10:08,05-Aug-2021,0.616,0.594
00:10:08,05-Aug-2021,0.616,0.594
00:10:08,05-Aug-2021,0.616,0.594
00:10:08,05-Aug-2021,0.6205,0.594
00:10:08,05-Aug-2021,0.6205,0.594
00:10:08,05-Aug-2021,0.6205,0.594
00:10:08,05-Aug-2021,0.6205,0.594
00:10:08,05-Aug-2021,0.6205,0.594
00:10:08,05-Aug-2021,0.6205,0.594
00:10:08,05-Aug-2021,0.5965,0.594
00:10:08,05-Aug-2021,0.5965,0.594
00:10:08,05-Aug-2021,0.5965,0.594
00:10:08,05-Aug-2021,0.5815,0.594
00:10:08,05-Aug-2021,0.5815,0.594
00:10:08,05-Aug-2021,0.5815,0.594
00:10:08,05-Aug-2021,0.567,0.594
00:10:08,05-Aug-2021,0.567,0.594
00:10:08,05-Aug-2021,0.567,0.594
00:10:08,05-Aug-2021,0.567,0.594
00:10:08,05-Aug-2021,0.567,0.594
00:10:08,05-Aug-2021,0.567,0.594
00:10:08,05-Aug-2021,0.567,0.594
00:10:08,05-Aug-2021,0.567,0.594
00:10:08,05-Aug-2021,0.5815,0.594
00:10:08,05-Aug-2021,0.5815,0.594
00:10:08,05-Aug-2021,0.5815,0.594
00:10:08,05-Aug-2021,0.5815,0.594
00:10:08,05-Aug-2021,0.5815,0.594
00:10:08,05-Aug-2021,0.5815,0.594
00:10:08,05-Aug-2021,0.5815,0.594
00:10:08,05-Aug-2021,0.5815,0.594
00:10:08,05-Aug-2021,0.5815,0.594
00:10:09,05-Aug-2021,0.5815,0.594
00:10:09,05-Aug-2021,0.5815,0.594
00:10:09,05-Aug-2021,0.5815,0.594
00:10:09,05-Aug-2021,0.5815,0.594
00:10:09,05-Aug-2021,0.5865,0.595
00:10:09,05-Aug-2021,0.5865,0.595
00:10:09,05-Aug-2021,0.5865,0.595
00:10:09,05-Aug-2021,0.5865,0.595
00:10:09,05-Aug-2021,0.5865,0.595
00:10:09,05-Aug-2021,0.5865,0.595
00:10:09,05-Aug-2021,0.5915,0.595
00:10:09,05-Aug-2021,0.5915,0.595
00:10:09,05-Aug-2021,0.5915,0.595
00:10:09,05-Aug-2021,0.601,0.595
00:10:09,05-Aug-2021,0.601,0.595
00:10:09,05-Aug-2021,0.601,0.595
00:10:09,05-Aug-2021,0.606,0.595
00:10:09,05-Aug-2021,0.606,0.595
00:10:09,05-Aug-2021,0.606,0.595
00:10:09,05-Aug-2021,0.611,0.595
00:10:09,05-Aug-2021,0.611,0.595
00:10:09,05-Aug-2021,0.611,0.595
00:10:09,05-Aug-2021,0.611,0.595
00:10:09,05-Aug-2021,0.611,0.595
00:10:09,05-Aug-2021,0.616,0.596
00:10:09,05-Aug-2021,0.616,0.596
00:10:09,05-Aug-2021,0.616,0.596
00:10:09,05-Aug-2021,0.616,0.596
00:10:09,05-Aug-2021,0.616,0.595
00:10:09,05-Aug-2021,0.616,0.595
00:10:09,05-Aug-2021,0.616,0.595
00:10:09,05-Aug-2021,0.6205,0.595
00:10:09,05-Aug-2021,0.6205,0.595
00:10:09,05-Aug-2021,0.6205,0.595
00:10:09,05-Aug-2021,0.6255,0.595
00:10:09,05-Aug-2021,0.6255,0.595
00:10:09,05-Aug-2021,0.6255,0.595
00:10:09,05-Aug-2021,0.6205,0.595
00:10:09,05-Aug-2021,0.6205,0.595
00:10:09,05-Aug-2021,0.6205,0.595
00:10:09,05-Aug-2021,0.6205,0.595
00:10:09,05-Aug-2021,0.5765,0.595
00:10:09,05-Aug-2021,0.5765,0.595
00:10:09,05-Aug-2021,0.567,0.595
00:10:09,05-Aug-2021,0.567,0.595
00:10:09,05-Aug-2021,0.567,0.595
00:10:09,05-Aug-2021,0.567,0.595
00:10:09,05-Aug-2021,0.562,0.595
00:10:09,05-Aug-2021,0.562,0.595
00:10:09,05-Aug-2021,0.562,0.595
00:10:09,05-Aug-2021,0.5720000000000001,0.594
00:10:09,05-Aug-2021,0.5720000000000001,0.594
00:10:09,05-Aug-2021,0.5720000000000001,0.594
00:10:09,05-Aug-2021,0.5765,0.594
00:10:09,05-Aug-2021,0.5765,0.594
00:10:09,05-Aug-2021,0.5765,0.594
00:10:09,05-Aug-2021,0.5815,0.594
00:10:09,05-Aug-2021,0.5815,0.594
00:10:09,05-Aug-2021,0.5815,0.594
00:10:09,05-Aug-2021,0.5815,0.594
00:10:09,05-Aug-2021,0.5815,0.594
00:10:09,05-Aug-2021,0.5815,0.594
00:10:09,05-Aug-2021,0.5815,0.594
00:10:09,05-Aug-2021,0.5815,0.594
00:10:09,05-Aug-2021,0.5815,0.594
00:10:09,05-Aug-2021,0.5765,0.594
00:10:09,05-Aug-2021,0.5765,0.594
00:10:09,05-Aug-2021,0.5765,0.594
00:10:09,05-Aug-2021,0.5865,0.594
00:10:09,05-Aug-2021,0.5865,0.594
00:10:09,05-Aug-2021,0.5865,0.594
00:10:09,05-Aug-2021,0.5915,0.594
00:10:09,05-Aug-2021,0.5915,0.594
00:10:09,05-Aug-2021,0.5915,0.594
00:10:09,05-Aug-2021,0.5915,0.594
00:10:09,05-Aug-2021,0.601,0.594
00:10:09,05-Aug-2021,0.601,0.594
00:10:09,05-Aug-2021,0.601,0.594
00:10:09,05-Aug-2021,0.606,0.594
00:10:09,05-Aug-2021,0.606,0.594
00:10:09,05-Aug-2021,0.606,0.594
00:10:09,05-Aug-2021,0.611,0.594
00:10:09,05-Aug-2021,0.611,0.594
00:10:09,05-Aug-2021,0.611,0.594
00:10:09,05-Aug-2021,0.616,0.594
00:10:09,05-Aug-2021,0.616,0.594
00:10:09,05-Aug-2021,0.616,0.594
00:10:09,05-Aug-2021,0.6205,0.594
00:10:09,05-Aug-2021,0.6205,0.594
00:10:09,05-Aug-2021,0.6205,0.594
00:10:09,05-Aug-2021,0.616,0.594
00:10:09,05-Aug-2021,0.616,0.594
00:10:09,05-Aug-2021,0.616,0.594
00:10:09,05-Aug-2021,0.616,0.593
00:10:09,05-Aug-2021,0.616,0.593
00:10:09,05-Aug-2021,0.616,0.593
00:10:09,05-Aug-2021,0.6205,0.593
00:10:09,05-Aug-2021,0.6205,0.593
00:10:09,05-Aug-2021,0.6205,0.593
00:10:09,05-Aug-2021,0.6205,0.593
00:10:09,05-Aug-2021,0.616,0.593
00:10:09,05-Aug-2021,0.616,0.593
00:10:09,05-Aug-2021,0.616,0.593
00:10:09,05-Aug-2021,0.5765,0.593
00:10:09,05-Aug-2021,0.5765,0.593
00:10:09,05-Aug-2021,0.5765,0.593
00:10:09,05-Aug-2021,0.567,0.593
00:10:09,05-Aug-2021,0.567,0.593
00:10:09,05-Aug-2021,0.567,0.593
00:10:09,05-Aug-2021,0.562,0.593
00:10:09,05-Aug-2021,0.562,0.593
00:10:09,05-Aug-2021,0.562,0.593
00:10:09,05-Aug-2021,0.5720000000000001,0.593
00:10:09,05-Aug-2021,0.5720000000000001,0.593
00:10:09,05-Aug-2021,0.5720000000000001,0.593
00:10:09,05-Aug-2021,0.5815,0.593
00:10:09,05-Aug-2021,0.5815,0.593
00:10:09,05-Aug-2021,0.5815,0.594
00:10:09,05-Aug-2021,0.5815,0.594
00:10:09,05-Aug-2021,0.5815,0.594
00:10:09,05-Aug-2021,0.5815,0.594
00:10:09,05-Aug-2021,0.5815,0.594
00:10:09,05-Aug-2021,0.5815,0.594
00:10:09,05-Aug-2021,0.5815,0.595
00:10:09,05-Aug-2021,0.5815,0.595
00:10:09,05-Aug-2021,0.5815,0.595
00:10:09,05-Aug-2021,0.5815,0.595
00:10:09,05-Aug-2021,0.5815,0.596
00:10:09,05-Aug-2021,0.5815,0.596
00:10:09,05-Aug-2021,0.5815,0.596
00:10:09,05-Aug-2021,0.5865,0.596
00:10:09,05-Aug-2021,0.5865,0.597
00:10:09,05-Aug-2021,0.5865,0.597
00:10:09,05-Aug-2021,0.5915,0.597
00:10:09,05-Aug-2021,0.5915,0.597
00:10:09,05-Aug-2021,0.5915,0.598
00:10:09,05-Aug-2021,0.601,0.598
00:10:09,05-Aug-2021,0.601,0.598
00:10:09,05-Aug-2021,0.601,0.598
00:10:09,05-Aug-2021,0.606,0.599
00:10:09,05-Aug-2021,0.606,0.599
00:10:09,05-Aug-2021,0.606,0.599
00:10:09,05-Aug-2021,0.611,0.599
00:10:09,05-Aug-2021,0.611,0.599
00:10:09,05-Aug-2021,0.611,0.599
00:10:09,05-Aug-2021,0.611,0.599
00:10:09,05-Aug-2021,0.611,0.6
00:10:09,05-Aug-2021,0.611,0.6
00:10:09,05-Aug-2021,0.616,0.6
00:10:09,05-Aug-2021,0.616,0.6
00:10:09,05-Aug-2021,0.616,0.6
00:10:09,05-Aug-2021,0.616,0.599
00:10:09,05-Aug-2021,0.616,0.599
00:10:09,05-Aug-2021,0.616,0.599
00:10:09,05-Aug-2021,0.616,0.599
00:10:09,05-Aug-2021,0.616,0.599
00:10:09,05-Aug-2021,0.616,0.599
00:10:09,05-Aug-2021,0.6205,0.598
00:10:09,05-Aug-2021,0.6205,0.598
00:10:09,05-Aug-2021,0.6205,0.598
00:10:09,05-Aug-2021,0.6205,0.597
00:10:10,05-Aug-2021,0.6205,0.597
00:10:10,05-Aug-2021,0.6205,0.596
00:10:10,05-Aug-2021,0.5765,0.596
00:10:10,05-Aug-2021,0.5765,0.595
00:10:10,05-Aug-2021,0.5765,0.595
00:10:10,05-Aug-2021,0.562,0.594
00:10:10,05-Aug-2021,0.562,0.594
00:10:10,05-Aug-2021,0.562,0.593
00:10:10,05-Aug-2021,0.562,0.592
00:10:10,05-Aug-2021,0.567,0.592
00:10:10,05-Aug-2021,0.567,0.591
00:10:10,05-Aug-2021,0.5720000000000001,0.59
00:10:10,05-Aug-2021,0.5720000000000001,0.59
00:10:10,05-Aug-2021,0.5720000000000001,0.589
00:10:10,05-Aug-2021,0.5765,0.588
00:10:10,05-Aug-2021,0.5765,0.587
00:10:10,05-Aug-2021,0.5765,0.587
00:10:10,05-Aug-2021,0.5815,0.586
00:10:10,05-Aug-2021,0.5815,0.585
00:10:10,05-Aug-2021,0.5815,0.585
00:10:10,05-Aug-2021,0.5815,0.584
00:10:10,05-Aug-2021,0.5815,0.583
00:10:10,05-Aug-2021,0.5815,0.583
00:10:10,05-Aug-2021,0.5815,0.582
00:10:10,05-Aug-2021,0.5815,0.582
00:10:10,05-Aug-2021,0.5815,0.581
00:10:10,05-Aug-2021,0.5815,0.581
00:10:10,05-Aug-2021,0.5815,0.58
00:10:10,05-Aug-2021,0.5815,0.58
00:10:10,05-Aug-2021,0.5865,0.58
00:10:10,05-Aug-2021,0.5865,0.579
00:10:10,05-Aug-2021,0.5865,0.579
00:10:10,05-Aug-2021,0.5915,0.579
00:10:10,05-Aug-2021,0.5915,0.579
00:10:10,05-Aug-2021,0.5915,0.579
00:10:10,05-Aug-2021,0.601,0.579
00:10:10,05-Aug-2021,0.601,0.579
00:10:10,05-Aug-2021,0.601,0.579
00:10:10,05-Aug-2021,0.606,0.58
00:10:10,05-Aug-2021,0.606,0.58
00:10:10,05-Aug-2021,0.606,0.581
00:10:10,05-Aug-2021,0.606,0.581
00:10:10,05-Aug-2021,0.611,0.582
00:10:10,05-Aug-2021,0.611,0.583
00:10:10,05-Aug-2021,0.611,0.583
00:10:10,05-Aug-2021,0.611,0.584
00:10:10,05-Aug-2021,0.611,0.585
00:10:10,05-Aug-2021,0.611,0.587
00:10:10,05-Aug-2021,0.6205,0.588
00:10:10,05-Aug-2021,0.6205,0.589
00:10:10,05-Aug-2021,0.6205,0.59
00:10:10,05-Aug-2021,0.616,0.592
00:10:10,05-Aug-2021,0.616,0.593
00:10:10,05-Aug-2021,0.616,0.595
00:10:10,05-Aug-2021,0.616,0.597
00:10:10,05-Aug-2021,0.616,0.599
00:10:10,05-Aug-2021,0.616,0.6
00:10:10,05-Aug-2021,0.6205,0.602
00:10:10,05-Aug-2021,0.6205,0.604
00:10:10,05-Aug-2021,0.6205,0.606
00:10:10,05-Aug-2021,0.616,0.608
00:10:10,05-Aug-2021,0.616,0.61
00:10:10,05-Aug-2021,0.616,0.612
00:10:10,05-Aug-2021,0.5765,0.614
00:10:10,05-Aug-2021,0.5765,0.616
00:10:10,05-Aug-2021,0.5765,0.618
00:10:10,05-Aug-2021,0.567,0.62
00:10:10,05-Aug-2021,0.567,0.622
00:10:10,05-Aug-2021,0.567,0.624
00:10:10,05-Aug-2021,0.567,0.626
00:10:10,05-Aug-2021,0.567,0.628
00:10:10,05-Aug-2021,0.567,0.629
00:10:10,05-Aug-2021,0.5720000000000001,0.631
00:10:10,05-Aug-2021,0.5720000000000001,0.632
00:10:10,05-Aug-2021,0.5720000000000001,0.634
00:10:10,05-Aug-2021,0.5765,0.635
00:10:10,05-Aug-2021,0.5765,0.636
00:10:10,05-Aug-2021,0.5765,0.637
00:10:10,05-Aug-2021,0.5865,0.637
00:10:10,05-Aug-2021,0.5865,0.638
00:10:10,05-Aug-2021,0.5865,0.638
00:10:10,05-Aug-2021,0.5865,0.638
00:10:10,05-Aug-2021,0.5865,0.638
00:10:10,05-Aug-2021,0.5865,0.637
00:10:10,05-Aug-2021,0.5815,0.636
00:10:10,05-Aug-2021,0.5815,0.635
00:10:10,05-Aug-2021,0.5815,0.633
00:10:10,05-Aug-2021,0.5815,0.632
00:10:10,05-Aug-2021,0.5815,0.63
00:10:10,05-Aug-2021,0.5815,0.627
00:10:10,05-Aug-2021,0.5865,0.624
00:10:10,05-Aug-2021,0.5865,0.621
00:10:10,05-Aug-2021,0.5865,0.617
00:10:10,05-Aug-2021,0.5865,0.614
00:10:10,05-Aug-2021,0.5915,0.609
00:10:10,05-Aug-2021,0.5915,0.604
00:10:10,05-Aug-2021,0.601,0.599
00:10:10,05-Aug-2021,0.601,0.594
00:10:10,05-Aug-2021,0.601,0.588
00:10:10,05-Aug-2021,0.606,0.581
00:10:10,05-Aug-2021,0.606,0.575
00:10:10,05-Aug-2021,0.606,0.568
00:10:10,05-Aug-2021,0.606,0.56
00:10:10,05-Aug-2021,0.611,0.552
00:10:10,05-Aug-2021,0.611,0.544
00:10:10,05-Aug-2021,0.611,0.535
00:10:10,05-Aug-2021,0.611,0.526
00:10:10,05-Aug-2021,0.611,0.516
00:10:10,05-Aug-2021,0.611,0.506
00:10:10,05-Aug-2021,0.611,0.496
00:10:10,05-Aug-2021,0.611,0.485
00:10:10,05-Aug-2021,0.611,0.474
00:10:10,05-Aug-2021,0.616,0.463
00:10:10,05-Aug-2021,0.616,0.452
00:10:10,05-Aug-2021,0.616,0.44
00:10:10,05-Aug-2021,0.616,0.428
00:10:10,05-Aug-2021,0.616,0.416
00:10:10,05-Aug-2021,0.616,0.403
00:10:10,05-Aug-2021,0.616,0.39
00:10:10,05-Aug-2021,0.6205,0.378
00:10:10,05-Aug-2021,0.6205,0.364
00:10:10,05-Aug-2021,0.6205,0.351
00:10:10,05-Aug-2021,0.601,0.338
00:10:10,05-Aug-2021,0.601,0.325
00:10:10,05-Aug-2021,0.601,0.311
00:10:10,05-Aug-2021,0.0,0.298
00:10:10,05-Aug-2021,0.0,0.284
00:10:10,05-Aug-2021,0.0,0.271
00:10:10,05-Aug-2021,0.0,0.258
00:10:10,05-Aug-2021,0.0,0.244
00:10:10,05-Aug-2021,0.0,0.231
00:10:10,05-Aug-2021,0.0,0.218
00:10:10,05-Aug-2021,0.0,0.205
00:10:10,05-Aug-2021,0.0,0.192
00:10:10,05-Aug-2021,0.0,0.18
00:10:10,05-Aug-2021,0.0,0.167
00:10:10,05-Aug-2021,0.0,0.155
00:10:10,05-Aug-2021,0.0,0.143
00:10:10,05-Aug-2021,0.0,0.132
00:10:10,05-Aug-2021,0.0,0.12
00:10:10,05-Aug-2021,0.0,0.109
00:10:10,05-Aug-2021,0.0,0.099
00:10:10,05-Aug-2021,0.0,0.088
00:10:10,05-Aug-2021,0.0,0.078
00:10:10,05-Aug-2021,0.0,0.069
00:10:10,05-Aug-2021,0.0,0.059
00:10:10,05-Aug-2021,0.0,0.05
00:10:10,05-Aug-2021,0.0,0.042
00:10:10,05-Aug-2021,0.0,0.034
00:10:10,05-Aug-2021,0.0,0.026
00:10:10,05-Aug-2021,0.0,0.019
00:10:10,05-Aug-2021,0.0,0.012
00:10:10,05-Aug-2021,0.0,0.006
00:10:10,05-Aug-2021,0.0,-0.001
00:10:10,05-Aug-2021,0.0,-0.006
00:10:10,05-Aug-2021,0.0,-0.011
00:10:10,05-Aug-2021,0.0,-0.016
00:10:10,05-Aug-2021,0.0,-0.021
00:10:10,05-Aug-2021,0.0,-0.025
00:10:10,05-Aug-2021,0.0,-0.028
00:10:10,05-Aug-2021,0.0,-0.032
00:10:10,05-Aug-2021,0.0,-0.034
00:10:11,05-Aug-2021,0.0,-0.037
00:10:11,05-Aug-2021,0.0,-0.039
00:10:11,05-Aug-2021,0.0,-0.041
00:10:11,05-Aug-2021,0.0,-0.042
00:10:11,05-Aug-2021,0.0,-0.044
00:10:11,05-Aug-2021,0.0,-0.044
00:10:11,05-Aug-2021,0.0,-0.045
00:10:11,05-Aug-2021,0.0,-0.045
00:10:11,05-Aug-2021,0.0,-0.045
00:10:11,05-Aug-2021,0.0,-0.045
00:10:11,05-Aug-2021,0.0,-0.045
00:10:11,05-Aug-2021,0.0,-0.044
00:10:11,05-Aug-2021,0.0,-0.043
00:10:11,05-Aug-2021,0.0,-0.042
00:10:11,05-Aug-2021,0.0,-0.041
00:10:11,05-Aug-2021,0.0,-0.039
00:10:11,05-Aug-2021,0.0,-0.038
00:10:11,05-Aug-2021,0.0,-0.036
00:10:11,05-Aug-2021,0.0,-0.034
00:10:11,05-Aug-2021,0.0,-0.033
00:10:11,05-Aug-2021,0.0,-0.031
00:10:11,05-Aug-2021,0.0,-0.029
00:10:11,05-Aug-2021,0.0,-0.027
00:10:11,05-Aug-2021,0.0,-0.024
00:10:11,05-Aug-2021,0.0,-0.022
00:10:11,05-Aug-2021,0.0,-0.02
00:10:11,05-Aug-2021,0.0,-0.018
00:10:11,05-Aug-2021,0.0,-0.016
00:10:11,05-Aug-2021,0.0,-0.014
00:10:11,05-Aug-2021,0.0,-0.012
00:10:11,05-Aug-2021,0.0,-0.01
00:10:11,05-Aug-2021,0.0,-0.008
00:10:11,05-Aug-2021,0.0,-0.006
00:10:11,05-Aug-2021,0.0,-0.004
00:10:11,05-Aug-2021,0.0,-0.002
00:10:11,05-Aug-2021,0.0,-0.0
00:10:11,05-Aug-2021,0.0,0.002
00:10:11,05-Aug-2021,0.0,0.003
00:10:11,05-Aug-2021,0.0,0.005
00:10:11,05-Aug-2021,0.0,0.006
00:10:11,05-Aug-2021,0.0,0.008
00:10:11,05-Aug-2021,0.0,0.009
00:10:11,05-Aug-2021,0.0,0.01
00:10:11,05-Aug-2021,0.0,0.011
00:10:11,05-Aug-2021,0.0,0.012
00:10:11,05-Aug-2021,0.0,0.013
00:10:11,05-Aug-2021,0.0,0.013
00:10:11,05-Aug-2021,0.0,0.014
00:10:11,05-Aug-2021,0.0,0.015
00:10:11,05-Aug-2021,0.0,0.015
00:10:11,05-Aug-2021,0.0,0.015
00:10:11,05-Aug-2021,0.0,0.016
00:10:11,05-Aug-2021,0.0,0.016
00:10:11,05-Aug-2021,0.0,0.016
00:10:11,05-Aug-2021,0.0,0.016
00:10:11,05-Aug-2021,0.0,0.016
00:10:11,05-Aug-2021,0.0,0.016
00:10:11,05-Aug-2021,0.0,0.016
00:10:11,05-Aug-2021,0.0,0.015
00:10:11,05-Aug-2021,0.0,0.015
00:10:11,05-Aug-2021,0.0,0.015
00:10:11,05-Aug-2021,0.0,0.014
00:10:11,05-Aug-2021,0.0,0.014
00:10:11,05-Aug-2021,0.0,0.013
00:10:11,05-Aug-2021,0.0,0.012
00:10:11,05-Aug-2021,0.0,0.012
00:10:11,05-Aug-2021,0.0,0.011
00:10:11,05-Aug-2021,0.0,0.01
00:10:11,05-Aug-2021,0.0,0.01
00:10:11,05-Aug-2021,0.0,0.009
00:10:11,05-Aug-2021,0.0,0.008
00:10:11,05-Aug-2021,0.0,0.008
00:10:11,05-Aug-2021,0.0,0.007
00:10:11,05-Aug-2021,0.0,0.006
00:10:11,05-Aug-2021,0.0,0.005
00:10:11,05-Aug-2021,0.0,0.005
00:10:11,05-Aug-2021,0.0,0.004
00:10:11,05-Aug-2021,0.0,0.003
00:10:11,05-Aug-2021,0.0,0.002
00:10:11,05-Aug-2021,0.0,0.002
00:10:11,05-Aug-2021,0.0,0.001
00:10:11,05-Aug-2021,0.0,0.0
00:10:11,05-Aug-2021,0.0,-0.0
00:10:11,05-Aug-2021,0.0,-0.001
00:10:11,05-Aug-2021,0.0,-0.001
00:10:11,05-Aug-2021,0.0,-0.002
00:10:11,05-Aug-2021,0.0,-0.002
00:10:11,05-Aug-2021,0.0,-0.003
00:10:11,05-Aug-2021,0.0,-0.003
00:10:11,05-Aug-2021,0.0,-0.004
00:10:11,05-Aug-2021,0.0,-0.004
00:10:11,05-Aug-2021,0.0,-0.004
00:10:11,05-Aug-2021,0.0,-0.005
00:10:11,05-Aug-2021,0.0,-0.005
00:10:11,05-Aug-2021,0.0,-0.005
00:10:11,05-Aug-2021,0.0,-0.005
00:10:11,05-Aug-2021,0.0,-0.006
00:10:11,05-Aug-2021,0.0,-0.006
00:10:11,05-Aug-2021,0.0,-0.006
00:10:11,05-Aug-2021,0.0,-0.006
00:10:11,05-Aug-2021,0.0,-0.006
00:10:11,05-Aug-2021,0.0,-0.006
00:10:11,05-Aug-2021,0.0,-0.006
00:10:11,05-Aug-2021,0.0,-0.006
00:10:11,05-Aug-2021,0.0,-0.006
00:10:11,05-Aug-2021,0.0,-0.006
00:10:11,05-Aug-2021,0.0,-0.006
00:10:11,05-Aug-2021,0.0,-0.005
00:10:11,05-Aug-2021,0.0,-0.005
00:10:11,05-Aug-2021,0.0,-0.005
00:10:11,05-Aug-2021,0.0,-0.005
00:10:11,05-Aug-2021,0.0,-0.005
00:10:11,05-Aug-2021,0.0,-0.004
00:10:11,05-Aug-2021,0.0,-0.004
00:10:11,05-Aug-2021,0.0,-0.004
00:10:11,05-Aug-2021,0.0,-0.004
00:10:11,05-Aug-2021,0.0,-0.003
00:10:11,05-Aug-2021,0.0,-0.003
00:10:11,05-Aug-2021,0.0,-0.003
00:10:11,05-Aug-2021,0.0,-0.003
00:10:11,05-Aug-2021,0.0,-0.002
00:10:11,05-Aug-2021,0.0,-0.002
00:10:11,05-Aug-2021,0.0,-0.002
00:10:11,05-Aug-2021,0.0,-0.001
00:10:11,05-Aug-2021,0.0,-0.001
00:10:11,05-Aug-2021,0.0,-0.001
00:10:11,05-Aug-2021,0.0,-0.001
00:10:11,05-Aug-2021,0.0,-0.0
00:10:11,05-Aug-2021,0.0,-0.0
00:10:11,05-Aug-2021,0.0,0.0
00:10:11,05-Aug-2021,0.0,0.0
00:10:11,05-Aug-2021,0.0,0.0
00:10:11,05-Aug-2021,0.0,0.001
00:10:11,05-Aug-2021,0.0,0.001
00:10:11,05-Aug-2021,0.0,0.001
00:10:11,05-Aug-2021,0.0,0.001
00:10:11,05-Aug-2021,0.0,0.001
00:10:11,05-Aug-2021,0.0,0.001
00:10:11,05-Aug-2021,0.0,0.002
00:10:11,05-Aug-2021,0.0,0.002
00:10:11,05-Aug-2021,0.0,0.002
00:10:11,05-Aug-2021,0.0,0.002
00:10:11,05-Aug-2021,0.0,0.002
00:10:11,05-Aug-2021,0.0,0.002
00:10:11,05-Aug-2021,0.0,0.002
00:10:11,05-Aug-2021,0.0,0.002
00:10:11,05-Aug-2021,0.0,0.002
00:10:11,05-Aug-2021,0.0,0.002
00:10:11,05-Aug-2021,0.0,0.002
00:10:11,05-Aug-2021,0.0,0.002
00:10:11,05-Aug-2021,0.0,0.002
00:10:11,05-Aug-2021,0.0,0.002
00:10:11,05-Aug-2021,0.0,0.002
00:10:11,05-Aug-2021,0.0,0.002
00:10:11,05-Aug-2021,0.0,0.002
00:10:11,05-Aug-2021,0.0,0.002
00:10:11,05-Aug-2021,0.0,0.002
00:10:11,05-Aug-2021,0.0,0.002
00:10:11,05-Aug-2021,0.0,0.002
00:10:11,05-Aug-2021,0.0,0.002
00:10:11,05-Aug-2021,0.0,0.002
00:10:11,05-Aug-2021,0.0,0.001
00:10:11,05-Aug-2021,0.0,0.001
00:10:12,05-Aug-2021,0.0,0.001
00:10:12,05-Aug-2021,0.0,0.001
00:10:12,05-Aug-2021,0.0,0.001
00:10:12,05-Aug-2021,0.0,0.001
00:10:12,05-Aug-2021,0.0,0.001
00:10:12,05-Aug-2021,0.0,0.001
00:10:12,05-Aug-2021,0.0,0.001
00:10:12,05-Aug-2021,0.0,0.001
00:10:12,05-Aug-2021,0.0,0.0
00:10:12,05-Aug-2021,0.0,0.0
00:10:12,05-Aug-2021,0.0,0.0
00:10:12,05-Aug-2021,0.0,0.0
00:10:12,05-Aug-2021,0.0,0.0
00:10:12,05-Aug-2021,0.0,0.0
00:10:12,05-Aug-2021,0.0,-0.0
00:10:12,05-Aug-2021,0.0,-0.0
00:10:12,05-Aug-2021,0.0,-0.0
00:10:12,05-Aug-2021,0.0,-0.0
00:10:12,05-Aug-2021,0.0,-0.0
00:10:12,05-Aug-2021,0.0,-0.0
00:10:12,05-Aug-2021,0.0,-0.0
00:10:12,05-Aug-2021,0.0,-0.001
00:10:12,05-Aug-2021,0.0,-0.001
00:10:12,05-Aug-2021,0.0,-0.001
00:10:12,05-Aug-2021,0.0,-0.001
00:10:12,05-Aug-2021,0.0,-0.001
00:10:12,05-Aug-2021,0.0,-0.001
00:10:12,05-Aug-2021,0.0,-0.001
00:10:12,05-Aug-2021,0.0,-0.001
00:10:12,05-Aug-2021,0.0,-0.001
00:10:12,05-Aug-2021,0.0,-0.001
00:10:12,05-Aug-2021,0.0,-0.001
00:10:12,05-Aug-2021,0.0,-0.001
00:10:12,05-Aug-2021,0.0,-0.001
00:10:12,05-Aug-2021,0.0,-0.001
00:10:12,05-Aug-2021,0.0,-0.001
00:10:12,05-Aug-2021,0.0,-0.001
00:10:12,05-Aug-2021,0.0,-0.001
00:10:12,05-Aug-2021,0.0,-0.001
00:10:12,05-Aug-2021,0.0,-0.001
00:10:12,05-Aug-2021,0.0,-0.001
00:10:12,05-Aug-2021,0.0,-0.001
00:10:12,05-Aug-2021,0.0,-0.001
00:10:12,05-Aug-2021,0.0,-0.001
00:10:12,05-Aug-2021,0.0,-0.001
00:10:12,05-Aug-2021,0.0,-0.001
00:10:12,05-Aug-2021,0.0,-0.001
00:10:12,05-Aug-2021,0.0,-0.0
00:10:12,05-Aug-2021,0.0,-0.0
00:10:12,05-Aug-2021,0.0,-0.0
00:10:12,05-Aug-2021,0.0,-0.0
00:10:12,05-Aug-2021,0.0,-0.0
00:10:12,05-Aug-2021,0.0,-0.0
00:10:12,05-Aug-2021,0.0,-0.0
00:10:12,05-Aug-2021,0.0,-0.0
00:10:12,05-Aug-2021,0.0,-0.0
00:10:12,05-Aug-2021,0.0,-0.0
00:10:12,05-Aug-2021,0.0,-0.0
00:10:12,05-Aug-2021,0.0,-0.0
00:10:12,05-Aug-2021,0.0,-0.0
00:10:12,05-Aug-2021,0.0,-0.0
00:10:12,05-Aug-2021,0.0,0.0
00:10:12,05-Aug-2021,0.0,0.0
00:10:12,05-Aug-2021,0.0,0.0
00:10:12,05-Aug-2021,0.0,0.0
00:10:12,05-Aug-2021,0.0,0.0
00:10:12,05-Aug-2021,0.0,0.0
00:10:12,05-Aug-2021,0.0,0.0
00:10:12,05-Aug-2021,0.0,0.0
00:10:12,05-Aug-2021,0.0,0.0
00:10:12,05-Aug-2021,0.0,0.0
00:10:12,05-Aug-2021,0.0,0.0
00:10:12,05-Aug-2021,0.0,0.0
00:10:12,05-Aug-2021,0.0,0.0
00:10:12,05-Aug-2021,0.0,0.0
00:10:12,05-Aug-2021,0.0,0.0
00:10:12,05-Aug-2021,0.0,0.0
00:10:12,05-Aug-2021,0.0,0.0
00:10:12,05-Aug-2021,0.0,0.0
00:10:12,05-Aug-2021,0.0,0.0
00:10:12,05-Aug-2021,0.0,0.0
00:10:12,05-Aug-2021,0.0,0.0
00:10:12,05-Aug-2021,0.0,0.0
00:10:12,05-Aug-2021,0.0,0.0
00:10:12,05-Aug-2021,0.0,0.0
00:10:12,05-Aug-2021,0.0,0.0
00:10:12,05-Aug-2021,0.0,0.0
00:10:12,05-Aug-2021,0.0,0.0
00:10:12,05-Aug-2021,0.0,0.0
00:10:12,05-Aug-2021,0.0,0.0
00:10:12,05-Aug-2021,0.0,0.0
00:10:12,05-Aug-2021,0.0,0.0
00:10:12,05-Aug-2021,0.0,0.0
00:10:12,05-Aug-2021,0.0,0.0
00:10:12,05-Aug-2021,0.0,0.0
00:10:12,05-Aug-2021,0.0,0.0
00:10:12,05-Aug-2021,0.0,0.0
00:10:12,05-Aug-2021,0.0,0.0
00:10:12,05-Aug-2021,0.0,0.0
00:10:12,05-Aug-2021,0.0,0.0
00:10:12,05-Aug-2021,0.0,0.0
00:10:12,05-Aug-2021,0.0,0.0
00:10:12,05-Aug-2021,0.0,0.0
00:10:12,05-Aug-2021,0.0,0.0
00:10:12,05-Aug-2021,0.0,0.0
00:10:12,05-Aug-2021,0.0,0.0
00:10:12,05-Aug-2021,0.0,0.0
00:10:12,05-Aug-2021,0.0,0.0
00:10:12,05-Aug-2021,0.0,0.0
00:10:12,05-Aug-2021,0.0,-0.0
00:10:12,05-Aug-2021,0.0,-0.0
00:10:12,05-Aug-2021,0.0,-0.0
00:10:12,05-Aug-2021,0.0,-0.0
00:10:12,05-Aug-2021,0.0,-0.0
00:10:12,05-Aug-2021,0.0,-0.0
00:10:12,05-Aug-2021,0.0,-0.0
00:10:12,05-Aug-2021,0.0,-0.0
00:10:12,05-Aug-2021,0.0,-0.0
00:10:12,05-Aug-2021,0.0,-0.0
00:10:12,05-Aug-2021,0.0,-0.0
00:10:12,05-Aug-2021,0.0,-0.0
00:10:12,05-Aug-2021,0.0,-0.0
00:10:12,05-Aug-2021,0.0,-0.0
00:10:12,05-Aug-2021,0.0,-0.0
00:10:12,05-Aug-2021,0.0,-0.0
00:10:12,05-Aug-2021,0.0,-0.0
00:10:12,05-Aug-2021,0.0,-0.0
00:10:12,05-Aug-2021,0.0,-0.0
00:10:12,05-Aug-2021,0.0,-0.0
00:10:12,05-Aug-2021,0.0,-0.0
00:10:12,05-Aug-2021,0.0,-0.0
00:10:12,05-Aug-2021,0.0,-0.0
00:10:12,05-Aug-2021,0.0,-0.0
00:10:12,05-Aug-2021,0.0,-0.0
00:10:12,05-Aug-2021,0.0,-0.0
00:10:12,05-Aug-2021,0.0,-0.0
00:10:12,05-Aug-2021,0.0,-0.0
00:10:12,05-Aug-2021,0.0,-0.0
00:10:12,05-Aug-2021,0.0,-0.0
00:10:12,05-Aug-2021,0.0,-0.0
00:10:12,05-Aug-2021,0.0,-0.0
00:10:12,05-Aug-2021,0.0,-0.0
00:10:12,05-Aug-2021,0.0,-0.0
00:10:12,05-Aug-2021,0.0,-0.0
00:10:12,05-Aug-2021,0.0,-0.0
00:10:12,05-Aug-2021,0.0,-0.0
00:10:12,05-Aug-2021,0.0,-0.0
00:10:12,05-Aug-2021,0.0,-0.0
00:10:12,05-Aug-2021,0.0,-0.0
00:10:12,05-Aug-2021,0.0,-0.0
00:10:12,05-Aug-2021,0.0,-0.0
00:10:12,05-Aug-2021,0.0,-0.0
00:10:12,05-Aug-2021,0.0,-0.0
00:10:12,05-Aug-2021,0.0,-0.0
00:10:12,05-Aug-2021,0.0,-0.0
00:10:12,05-Aug-2021,0.0,-0.0
00:10:12,05-Aug-2021,0.0,-0.0
00:10:12,05-Aug-2021,0.0,-0.0
00:10:12,05-Aug-2021,0.0,0.0
00:10:12,05-Aug-2021,0.0,0.0
00:10:12,05-Aug-2021,0.0,0.0
00:10:12,05-Aug-2021,0.0,0.0
00:10:12,05-Aug-2021,0.0,0.0
00:10:12,05-Aug-2021,0.0,0.0
00:10:12,05-Aug-2021,0.0,0.0
00:10:13,05-Aug-2021,0.0,0.0
00:10:13,05-Aug-2021,0.0,0.0
00:10:13,05-Aug-2021,0.0,0.0
00:10:13,05-Aug-2021,0.0,0.0
00:10:13,05-Aug-2021,0.0,0.0
00:10:13,05-Aug-2021,0.0,0.0
00:10:13,05-Aug-2021,0.0,0.0
00:10:13,05-Aug-2021,0.0,0.0
00:10:13,05-Aug-2021,0.0,0.0
00:10:13,05-Aug-2021,0.0,0.0
00:10:13,05-Aug-2021,0.0,0.0
00:10:13,05-Aug-2021,0.0,0.0
00:10:13,05-Aug-2021,0.0,0.0
00:10:13,05-Aug-2021,0.0,0.0
00:10:13,05-Aug-2021,0.0,0.0
00:10:13,05-Aug-2021,0.0,0.0
00:10:13,05-Aug-2021,0.0,0.0
00:10:13,05-Aug-2021,0.0,0.0
00:10:13,05-Aug-2021,0.0,0.0
00:10:13,05-Aug-2021,0.0,0.0
00:10:13,05-Aug-2021,0.0,0.0
00:10:13,05-Aug-2021,0.0,0.0
00:10:13,05-Aug-2021,0.0,0.0
00:10:13,05-Aug-2021,0.0,0.0
00:10:13,05-Aug-2021,0.0,0.0
00:10:13,05-Aug-2021,0.0,0.0
00:10:13,05-Aug-2021,0.0,0.0
00:10:13,05-Aug-2021,0.0,0.0
00:10:13,05-Aug-2021,0.0,0.0
00:10:13,05-Aug-2021,0.0,0.0
00:10:13,05-Aug-2021,0.0,0.0
00:10:13,05-Aug-2021,0.0,0.0
00:10:13,05-Aug-2021,0.0,0.0
00:10:13,05-Aug-2021,0.0,0.0
00:10:13,05-Aug-2021,0.0,0.0
00:10:13,05-Aug-2021,0.0,0.0
00:10:13,05-Aug-2021,0.0,0.0
00:10:13,05-Aug-2021,0.0,0.0
00:10:13,05-Aug-2021,0.0,0.0
00:10:13,05-Aug-2021,0.0,0.0
00:10:13,05-Aug-2021,0.0,0.0
00:10:13,05-Aug-2021,0.0,0.0
00:10:13,05-Aug-2021,0.0,0.0
00:10:13,05-Aug-2021,0.0,0.0
00:10:13,05-Aug-2021,0.0,0.0
00:10:13,05-Aug-2021,0.0,0.0
00:10:13,05-Aug-2021,0.0,0.0
00:10:13,05-Aug-2021,0.0,0.0
00:10:13,05-Aug-2021,0.0,0.0
00:10:13,05-Aug-2021,0.0,0.0
00:10:13,05-Aug-2021,0.0,0.0
00:10:13,05-Aug-2021,0.0,0.0
00:10:13,05-Aug-2021,0.0,0.0
00:10:13,05-Aug-2021,0.0,0.0
00:10:13,05-Aug-2021,0.0,0.0
00:10:13,05-Aug-2021,0.0,0.0
00:10:13,05-Aug-2021,0.0,0.0
00:10:13,05-Aug-2021,0.0,0.0
00:10:13,05-Aug-2021,0.0,0.0
Retrieval Time (sec),15.78,Total Samples,2846.0
